{"type":"FeatureCollection","features":[{"type":"Feature","properties":{"source":"Natural Earth 1:10m land","license":"Public domain","crop":[-16,24,16,51]},"geometry":{"type":"MultiLineString","coordinates":[[[-15.679555,24.007514],[-15.646637,24.010403],[-15.620107,24.026272],[-15.599233,24.048326],[-15.583323,24.070258],[-15.542348,24.114244],[-15.514394,24.152167],[-15.476064,24.177802],[-15.459706,24.191881],[-15.453033,24.210191],[-15.444692,24.221869],[-15.353383,24.291083],[-15.298248,24.34516],[-15.229563,24.440741],[-15.203969,24.467475],[-15.171864,24.494127],[-15.153554,24.505601],[-15.133412,24.514635],[-15.112701,24.520575],[-15.069407,24.527289],[-15.048329,24.538275],[-15.014801,24.562445],[-15.01537,24.585679],[-15.012237,24.591539],[-14.999989,24.614488],[-14.976226,24.641425],[-14.952138,24.659247],[-14.926991,24.67178],[-14.907826,24.685492],[-14.895619,24.705715],[-14.885854,24.770738],[-14.861928,24.830146],[-14.853424,24.876614],[-14.83967,24.905341],[-14.836049,24.918687],[-14.837961,24.935126],[-14.84203,24.950263],[-14.84317,24.965277],[-14.836049,24.981391],[-14.843495,24.987616],[-14.837229,25.001695],[-14.83259,25.017564],[-14.829742,25.034247],[-14.829213,25.050238],[-14.831899,25.065741],[-14.84142,25.087551],[-14.843495,25.100531],[-14.842437,25.189032],[-14.849721,25.214179],[-14.819244,25.330227],[-14.812123,25.346096],[-14.782053,25.446926],[-14.736195,25.50552],[-14.723134,25.515815],[-14.714915,25.52558],[-14.68517,25.590888],[-14.678334,25.635565],[-14.676259,25.641913],[-14.66686,25.659735],[-14.661366,25.691311],[-14.620961,25.783596],[-14.546457,25.879218],[-14.519521,25.923774],[-14.513905,25.936957],[-14.511057,25.956855],[-14.494985,26.001614],[-14.486562,26.015448],[-14.490346,26.03148],[-14.480377,26.087795],[-14.483306,26.102484],[-14.492828,26.132717],[-14.490061,26.142727],[-14.482289,26.153876],[-14.471791,26.183051],[-14.466135,26.194241],[-14.410146,26.260077],[-14.400746,26.266303],[-14.353179,26.275946],[-14.29894,26.302232],[-14.215932,26.375474],[-14.202056,26.392239],[-14.192779,26.409491],[-14.180247,26.424384],[-14.157053,26.433783],[-14.046864,26.444403],[-14.02774,26.452379],[-13.923736,26.500881],[-13.742014,26.618109],[-13.619985,26.68891],[-13.561106,26.749091],[-13.500885,26.858303],[-13.480336,26.911689],[-13.461049,26.992743],[-13.431996,27.050767],[-13.402455,27.177191],[-13.383656,27.215277],[-13.301096,27.324449],[-13.300771,27.330024],[-13.307769,27.339342],[-13.307932,27.344957],[-13.29426,27.351752],[-13.240834,27.465399],[-13.20759,27.56745],[-13.205434,27.588568],[-13.200795,27.606513],[-13.180979,27.644843],[-13.178253,27.662502],[-13.178212,27.662787],[-13.177561,27.667141],[-13.171254,27.685004],[-13.160512,27.694648],[-13.13036,27.708075],[-13.097971,27.732245],[-13.061431,27.742906],[-13.045155,27.759833],[-13.003,27.821031],[-12.979563,27.893704],[-12.968088,27.914618],[-12.952382,27.928616],[-12.933095,27.938707],[-12.838938,27.970404],[-12.657826,27.998033],[-12.513539,27.995429],[-12.335032,28.047268],[-12.061431,28.089016],[-12.050404,28.096015],[-12.027903,28.116889],[-12.023101,28.119574],[-12.005605,28.123196],[-11.782379,28.21011],[-11.485585,28.325629],[-11.452789,28.348456],[-11.428822,28.375922],[-11.389312,28.434882],[-11.374013,28.449774],[-11.355946,28.463853],[-11.340972,28.479682],[-11.334706,28.499742],[-11.325917,28.515204],[-11.266469,28.551581],[-11.219635,28.602484],[-11.211822,28.616767],[-11.170318,28.639716],[-11.162465,28.647406],[-11.154205,28.661078],[-11.149159,28.66767],[-11.11498,28.69184],[-11.111562,28.695746],[-11.091054,28.726304],[-11.0631,28.752387],[-11.047597,28.761705],[-10.762603,28.890204],[-10.694203,28.930569],[-10.612416,28.967719],[-10.573801,28.990424],[-10.450917,29.09219],[-10.34789,29.229397],[-10.320872,29.257961],[-10.301991,29.271877],[-10.264027,29.284125],[-10.248402,29.299384],[-10.224355,29.333075],[-10.199127,29.361274],[-10.187571,29.378974],[-10.182729,29.397284],[-10.177642,29.405829],[-10.141754,29.428616],[-10.137034,29.434963],[-10.128163,29.455959],[-10.086985,29.509955],[-10.080922,29.521145],[-10.078684,29.542304],[-10.072621,29.564683],[-10.063629,29.584947],[-10.052968,29.599921],[-10.005279,29.638414],[-9.997792,29.650824],[-9.991689,29.666815],[-9.949941,29.71601],[-9.820221,29.838935],[-9.717926,29.996568],[-9.655141,30.126899],[-9.645253,30.164008],[-9.628407,30.291409],[-9.610015,30.357815],[-9.60733,30.377631],[-9.611643,30.404364],[-9.622711,30.417426],[-9.638173,30.426663],[-9.655141,30.442206],[-9.666249,30.459296],[-9.691762,30.509589],[-9.700063,30.542711],[-9.708404,30.547512],[-9.719553,30.548529],[-9.730824,30.552069],[-9.739817,30.559882],[-9.758168,30.586819],[-9.829661,30.628607],[-9.850942,30.629625],[-9.874013,30.633979],[-9.888539,30.648261],[-9.886708,30.686672],[-9.865631,30.72427],[-9.839019,30.759833],[-9.820221,30.792304],[-9.81371,30.814683],[-9.812896,30.827135],[-9.816803,30.836656],[-9.823842,30.845649],[-9.824371,30.851955],[-9.821889,30.859117],[-9.820221,30.87108],[-9.827707,31.06745],[-9.831451,31.085354],[-9.847524,31.121283],[-9.835032,31.144761],[-9.808949,31.2862],[-9.80663,31.343451],[-9.810902,31.366848],[-9.821523,31.379462],[-9.834788,31.388821],[-9.847524,31.402411],[-9.816233,31.436835],[-9.792958,31.47134],[-9.769643,31.53148],[-9.758168,31.545803],[-9.739613,31.560004],[-9.733266,31.567369],[-9.727651,31.58515],[-9.713612,31.597846],[-9.707631,31.60932],[-9.694203,31.625718],[-9.68928,31.635199],[-9.675201,31.715399],[-9.667307,31.731147],[-9.575795,31.816107],[-9.53539,31.864488],[-9.527943,31.871243],[-9.513295,31.880845],[-9.504954,31.888414],[-9.497426,31.898139],[-9.488678,31.915351],[-9.483795,31.922553],[-9.366119,32.026313],[-9.354075,32.046698],[-9.346425,32.06151],[-9.334828,32.10163],[-9.333079,32.118069],[-9.328114,32.130439],[-9.291982,32.168931],[-9.27774,32.196601],[-9.270009,32.227484],[-9.26476,32.330634],[-9.268951,32.335517],[-9.28775,32.343492],[-9.291982,32.350816],[-9.289662,32.372463],[-9.283355,32.387763],[-9.256256,32.432563],[-9.24885,32.452541],[-9.246938,32.472317],[-9.254791,32.488267],[-9.263661,32.498481],[-9.272369,32.512926],[-9.27831,32.529527],[-9.278961,32.546332],[-9.259918,32.57689],[-9.112172,32.682847],[-8.998525,32.797105],[-8.901682,32.854804],[-8.867787,32.881903],[-8.754709,33.010647],[-8.62914,33.127631],[-8.62149,33.13935],[-8.620351,33.152004],[-8.621002,33.173529],[-8.611887,33.186265],[-8.529164,33.268704],[-8.521148,33.272528],[-8.512522,33.270494],[-8.502797,33.261542],[-8.49413,33.259508],[-8.469797,33.260647],[-8.45165,33.264228],[-8.415028,33.280015],[-8.378774,33.304674],[-8.320221,33.365383],[-8.284657,33.389838],[-8.243153,33.404527],[-8.106557,33.430854],[-8.011545,33.466417],[-7.962554,33.484809],[-7.916249,33.494574],[-7.891428,33.503363],[-7.86974,33.526557],[-7.844797,33.535956],[-7.777984,33.55329],[-7.738189,33.570624],[-7.719472,33.574205],[-7.700999,33.58275],[-7.684438,33.599921],[-7.667551,33.612698],[-7.647857,33.608344],[-7.63622,33.614569],[-7.626617,33.613227],[-7.617258,33.609361],[-7.606191,33.608344],[-7.596669,33.611558],[-7.579254,33.620754],[-7.549957,33.625556],[-7.529124,33.632636],[-7.510243,33.641547],[-7.49706,33.64997],[-7.463287,33.68651],[-7.434316,33.698228],[-7.406361,33.726996],[-7.387115,33.732489],[-7.393951,33.725043],[-7.37385,33.719306],[-7.35261,33.724677],[-7.341135,33.731106],[-7.267486,33.772406],[-7.229319,33.80093],[-7.192942,33.817694],[-7.152577,33.830064],[-7.117014,33.834866],[-7.116567,33.834906],[-7.099477,33.840277],[-7.06786,33.863674],[-7.031809,33.874254],[-6.927358,33.944159],[-6.822092,34.039618],[-6.733754,34.162584],[-6.667795,34.280504],[-6.557932,34.417711],[-6.54776,34.434719],[-6.530914,34.474026],[-6.507924,34.504788],[-6.292104,34.880805],[-6.205393,35.124579],[-6.023915,35.501166],[-6.018544,35.520209],[-6.016672,35.544623],[-6.012318,35.558824],[-5.990834,35.598538],[-5.970041,35.652533],[-5.968251,35.660956],[-5.96524,35.670233],[-5.952056,35.685492],[-5.949045,35.69538],[-5.943105,35.742377],[-5.936187,35.765611],[-5.927235,35.780748],[-5.90803,35.797349],[-5.873402,35.801988],[-5.781402,35.79092],[-5.769276,35.792792],[-5.74234,35.814887],[-5.729888,35.822659],[-5.711741,35.830634],[-5.693512,35.834296],[-5.680898,35.829169],[-5.663442,35.835883],[-5.639719,35.836371],[-5.615956,35.831529],[-5.598988,35.822333],[-5.540028,35.850979],[-5.523264,35.863267],[-5.487457,35.896959],[-5.468861,35.910346],[-5.44811,35.918524],[-5.440027,35.918106],[-5.435452,35.914417],[-5.423497,35.908956],[-5.414198,35.909398],[-5.410361,35.917073],[-5.408,35.924748],[-5.40549,35.926519],[-5.399322,35.924465],[-5.398834,35.924506],[-5.385162,35.926174],[-5.3662,35.92475],[-5.344106,35.91474],[-5.327382,35.904242],[-5.309316,35.900824],[-5.28307,35.911689],[-5.29186,35.89053],[-5.335561,35.862372],[-5.340728,35.847357],[-5.34081,35.847113],[-5.345693,35.832587],[-5.342356,35.807685],[-5.327382,35.755845],[-5.322621,35.713772],[-5.318756,35.701728],[-5.312652,35.69245],[-5.304799,35.685207],[-5.298899,35.684312],[-5.28189,35.68651],[-5.276763,35.685207],[-5.27538,35.679389],[-5.277455,35.664211],[-5.276763,35.657904],[-5.259999,35.604722],[-5.24942,35.584621],[-5.228424,35.568508],[-5.186187,35.543769],[-5.150787,35.516099],[-5.066274,35.417467],[-5.050852,35.407538],[-5.026357,35.403998],[-5.008209,35.399237],[-4.988515,35.387885],[-4.954701,35.362454],[-4.926503,35.330308],[-4.909332,35.314521],[-4.86498,35.301988],[-4.810618,35.259996],[-4.770497,35.241034],[-4.628285,35.20539],[-4.495432,35.180772],[-4.494252,35.180569],[-4.376047,35.151842],[-4.347646,35.150133],[-4.327056,35.154771],[-4.269399,35.184882],[-4.130605,35.204779],[-4.046702,35.235907],[-3.961293,35.250434],[-3.919342,35.266832],[-3.909413,35.255276],[-3.91253,35.250918],[-3.924673,35.247556],[-3.929529,35.24382],[-3.925046,35.237842],[-3.918467,35.230893],[-3.903901,35.214173],[-3.889257,35.208407],[-3.86856,35.207343],[-3.840891,35.20539],[-3.821929,35.206773],[-3.787465,35.209215],[-3.764801,35.218451],[-3.755523,35.236396],[-3.747141,35.263658],[-3.726226,35.282294],[-3.699574,35.290839],[-3.673573,35.287909],[-3.654205,35.277004],[-3.612213,35.245347],[-3.590972,35.233303],[-3.516021,35.223538],[-3.489329,35.211005],[-3.477406,35.210679],[-3.464752,35.211819],[-3.453847,35.211615],[-3.44286,35.208645],[-3.423248,35.200832],[-3.412913,35.197943],[-3.36205,35.194525],[-3.319244,35.201809],[-3.195139,35.238227],[-3.17394,35.249091],[-3.128651,35.28856],[-3.118031,35.294135],[-3.109731,35.293647],[-3.100413,35.289537],[-3.08967,35.286282],[-3.077056,35.287909],[-3.0454,35.314439],[-3.006256,35.393541],[-2.980824,35.424506],[-2.982818,35.435004],[-2.977935,35.443305],[-2.968577,35.446438],[-2.956654,35.44123],[-2.952219,35.433051],[-2.95759,35.415839],[-2.952952,35.403998],[-2.963043,35.373481],[-2.949778,35.334947],[-2.94811,35.330268],[-2.947825,35.329779],[-2.922027,35.287991],[-2.913197,35.277248],[-2.912913,35.276923],[-2.899037,35.259996],[-2.907948,35.250963],[-2.912343,35.235785],[-2.913319,35.219062],[-2.90982,35.186713],[-2.905141,35.17357],[-2.896392,35.161811],[-2.881988,35.146715],[-2.856068,35.131293],[-2.820953,35.121894],[-2.748118,35.115953],[-2.791819,35.145168],[-2.868276,35.217353],[-2.883168,35.238511],[-2.878407,35.246324],[-2.864858,35.237616],[-2.816396,35.194525],[-2.808665,35.183783],[-2.761098,35.143256],[-2.718332,35.122992],[-2.666737,35.108222],[-2.563222,35.096137],[-2.517486,35.099351],[-2.493316,35.104397],[-2.477203,35.112616],[-2.456125,35.132473],[-2.437123,35.145087],[-2.416737,35.149156],[-2.321441,35.118842],[-2.299062,35.115953],[-2.275258,35.109565],[-2.248687,35.097235],[-2.222564,35.089301],[-2.200103,35.096137],[-2.196116,35.094875],[-2.192616,35.094468],[-2.189443,35.093004],[-2.186391,35.08869],[-2.15689,35.100979],[-2.122222,35.094672],[-2.08609,35.081977],[-2.052358,35.075019],[-1.987701,35.082465],[-1.964752,35.076239],[-1.956451,35.075019],[-1.949818,35.077135],[-1.932485,35.08869],[-1.838694,35.110907],[-1.812734,35.126532],[-1.804351,35.128119],[-1.774241,35.127346],[-1.761138,35.129625],[-1.745595,35.138821],[-1.712799,35.1706],[-1.648834,35.188422],[-1.637685,35.194525],[-1.629506,35.212226],[-1.510365,35.295478],[-1.490875,35.300971],[-1.395904,35.309394],[-1.369537,35.315863],[-1.364003,35.318345],[-1.358957,35.322211],[-1.332672,35.349351],[-1.313791,35.353746],[-1.29483,35.364569],[-1.278635,35.377997],[-1.26773,35.390326],[-1.259185,35.410305],[-1.247304,35.45775],[-1.23705,35.475735],[-1.225413,35.491278],[-1.190338,35.566148],[-1.183339,35.576483],[-1.171539,35.581041],[-1.14802,35.582099],[-1.142812,35.5869],[-1.117014,35.616889],[-1.106353,35.623236],[-1.082753,35.637356],[-1.052073,35.660956],[-1.040395,35.676418],[-1.032948,35.682603],[-0.996693,35.689602],[-0.977651,35.699774],[-0.961537,35.711249],[-0.946278,35.719306],[-0.922678,35.725165],[-0.910227,35.724311],[-0.904693,35.715888],[-0.899403,35.711819],[-0.887563,35.715969],[-0.849477,35.73432],[-0.825022,35.768541],[-0.801666,35.773912],[-0.793528,35.770087],[-0.786122,35.763129],[-0.77717,35.756415],[-0.764027,35.753404],[-0.754018,35.752265],[-0.734486,35.747219],[-0.723134,35.745998],[-0.711293,35.742987],[-0.705881,35.735663],[-0.701324,35.726874],[-0.692454,35.719306],[-0.682607,35.717353],[-0.644521,35.719306],[-0.626454,35.722968],[-0.606109,35.730943],[-0.589345,35.742499],[-0.57726,35.770819],[-0.565053,35.772447],[-0.551259,35.769029],[-0.540924,35.767768],[-0.530426,35.772895],[-0.523427,35.77969],[-0.47704,35.859361],[-0.476064,35.870103],[-0.478424,35.87287],[-0.480336,35.879096],[-0.480824,35.885728],[-0.479482,35.890041],[-0.473785,35.891262],[-0.468007,35.888739],[-0.46288,35.885199],[-0.459055,35.883775],[-0.448964,35.884345],[-0.428131,35.882799],[-0.41804,35.883775],[-0.376129,35.900336],[-0.348541,35.90705],[-0.336171,35.900824],[-0.331451,35.889553],[-0.320709,35.884101],[-0.309193,35.881171],[-0.30191,35.87759],[-0.298492,35.867174],[-0.304596,35.853502],[-0.30191,35.842841],[-0.285553,35.828274],[-0.259429,35.817532],[-0.188059,35.805243],[-0.14509,35.790351],[-0.123891,35.786933],[-0.113678,35.788804],[-0.083079,35.794379],[-0.038482,35.8133],[-0.000295,35.836107],[0.00294,35.838039],[0.034516,35.863267],[0.069957,35.92182],[0.08017,35.947008],[0.114024,36.010199],[0.122406,36.033352],[0.12379,36.044582],[0.127289,36.050767],[0.13559,36.055609],[0.145518,36.059963],[0.153982,36.065009],[0.202159,36.106513],[0.219493,36.116523],[0.283458,36.134426],[0.294444,36.140774],[0.299083,36.147406],[0.321056,36.158881],[0.329275,36.164984],[0.332774,36.173814],[0.337576,36.197496],[0.342296,36.205959],[0.360037,36.213853],[0.384451,36.217963],[0.428396,36.219631],[0.451345,36.223212],[0.468272,36.232245],[0.483165,36.243598],[0.556651,36.284084],[0.594574,36.293158],[0.611827,36.305487],[0.627208,36.319241],[0.644054,36.328843],[0.663259,36.332587],[0.740408,36.337755],[0.753266,36.338609],[0.768728,36.344713],[0.802257,36.363593],[0.864757,36.377387],[0.880544,36.387152],[0.89088,36.396389],[0.913829,36.409125],[0.925141,36.418158],[0.929535,36.42593],[0.93214,36.434556],[0.93629,36.44359],[0.945567,36.452338],[0.962576,36.458157],[1.007091,36.466864],[1.04477,36.486884],[1.116954,36.487128],[1.138845,36.493394],[1.178722,36.510891],[1.202647,36.51439],[1.245453,36.513577],[1.265473,36.515326],[1.288259,36.521226],[1.34669,36.544989],[1.367686,36.547919],[1.385997,36.545152],[1.429535,36.532213],[1.45281,36.528022],[1.476329,36.528957],[1.517426,36.538723],[1.700938,36.547187],[1.716563,36.547919],[1.726736,36.549994],[1.750173,36.559149],[1.761241,36.561591],[1.77003,36.560492],[1.791515,36.555487],[1.802908,36.555365],[1.857595,36.56745],[1.913829,36.570217],[1.96046,36.562201],[1.97283,36.561591],[2.059906,36.570136],[2.309825,36.63052],[2.3296,36.637274],[2.351573,36.638332],[2.373302,36.633857],[2.391856,36.624254],[2.398204,36.615302],[2.400157,36.606187],[2.404063,36.599189],[2.416026,36.59634],[2.426768,36.595282],[2.447276,36.590562],[2.457042,36.589504],[2.600759,36.59634],[2.632986,36.605129],[2.72755,36.665229],[2.792979,36.692939],[2.818696,36.710883],[2.843598,36.740383],[2.849864,36.754055],[2.875662,36.774807],[2.933116,36.80858],[2.977061,36.815863],[2.984874,36.814968],[3.014171,36.811713],[3.047862,36.794989],[3.073985,36.771389],[3.101817,36.751899],[3.140147,36.741645],[3.173269,36.742621],[3.179373,36.742825],[3.21046,36.757392],[3.221202,36.77143],[3.226085,36.7862],[3.227306,36.812323],[3.237804,36.813056],[3.302989,36.788764],[3.340505,36.780707],[3.460704,36.775092],[3.480479,36.777248],[3.519054,36.786607],[3.539806,36.788764],[3.550466,36.791449],[3.558116,36.797675],[3.564301,36.804348],[3.570567,36.80858],[3.580414,36.809963],[3.601817,36.808092],[3.612071,36.80858],[3.649669,36.823961],[3.709483,36.873196],[3.741873,36.891181],[3.827485,36.912909],[3.873871,36.917222],[3.912608,36.911607],[3.948253,36.893297],[3.964041,36.891181],[3.974864,36.892279],[3.99643,36.896918],[4.031423,36.897773],[4.03948,36.896918],[4.08546,36.892076],[4.104828,36.883734],[4.146495,36.901801],[4.159516,36.904202],[4.17156,36.902167],[4.197032,36.893256],[4.21046,36.891181],[4.22283,36.894192],[4.249278,36.907864],[4.261974,36.911607],[4.278575,36.910468],[4.306,36.900458],[4.320323,36.898017],[4.440684,36.911607],[4.452973,36.910061],[4.46811,36.905992],[4.482432,36.900458],[4.491954,36.894599],[4.50408,36.889309],[4.536388,36.888577],[4.550548,36.883734],[4.581554,36.894924],[4.591482,36.89525],[4.622895,36.896389],[4.698009,36.891181],[4.769054,36.898017],[4.78712,36.895413],[4.94988,36.839789],[4.968272,36.82567],[4.973643,36.818915],[4.985688,36.817084],[4.999522,36.817125],[5.009288,36.816067],[5.016449,36.810981],[5.025238,36.798651],[5.029145,36.794989],[5.045909,36.78852],[5.065603,36.783515],[5.086192,36.780829],[5.104828,36.781317],[5.084809,36.732611],[5.09018,36.716783],[5.118419,36.699368],[5.23585,36.650946],[5.269054,36.64411],[5.304373,36.643012],[5.372406,36.650946],[5.428071,36.663886],[5.433849,36.665229],[5.464854,36.665229],[5.469574,36.667711],[5.482188,36.680243],[5.489106,36.685126],[5.529145,36.697659],[5.549001,36.709703],[5.562755,36.745998],[5.576182,36.761379],[5.593923,36.773871],[5.61199,36.781317],[5.655935,36.791815],[5.674571,36.799628],[5.71046,36.825507],[5.733735,36.832343],[5.7588,36.833401],[5.82781,36.821763],[5.868826,36.822943],[6.03712,36.853583],[6.197032,36.90233],[6.235688,36.92121],[6.256847,36.945787],[6.258556,36.966783],[6.254731,36.983303],[6.254405,36.998969],[6.266856,37.017768],[6.274425,37.024237],[6.314626,37.048651],[6.328868,37.061916],[6.338715,37.069281],[6.371593,37.083482],[6.415782,37.092963],[6.462413,37.09394],[6.502696,37.082953],[6.538585,37.06037],[6.5442,37.058783],[6.544688,37.04857],[6.547048,37.041205],[6.552257,37.036689],[6.56129,37.035142],[6.572765,37.027777],[6.583263,36.989814],[6.599457,36.97309],[6.614106,36.977851],[6.631602,36.972398],[6.651134,36.963853],[6.671153,36.959418],[6.822032,36.952623],[6.834809,36.949123],[6.852794,36.940334],[6.86964,36.929185],[6.880056,36.918443],[6.879649,36.902086],[6.909434,36.893052],[6.948578,36.890041],[6.975597,36.891181],[7.064464,36.913316],[7.092296,36.92593],[7.108084,36.920315],[7.133311,36.915269],[7.156993,36.9147],[7.167491,36.922187],[7.176443,36.931871],[7.218761,36.960842],[7.232921,36.966864],[7.239024,36.971503],[7.247081,36.982327],[7.254242,36.994696],[7.257335,37.004136],[7.255544,37.015367],[7.250499,37.023139],[7.211111,37.057034],[7.181651,37.076728],[7.181651,37.082953],[7.192719,37.084296],[7.212169,37.089301],[7.222667,37.089789],[7.232758,37.087226],[7.251313,37.078599],[7.260509,37.076728],[7.262706,37.075995],[7.266449,37.074693],[7.270681,37.071031],[7.27475,37.069322],[7.281016,37.073065],[7.288259,37.080268],[7.292654,37.082506],[7.297699,37.082953],[7.307302,37.080146],[7.325857,37.071194],[7.335948,37.069281],[7.344412,37.071438],[7.369965,37.082953],[7.383474,37.082994],[7.386241,37.082099],[7.386892,37.078111],[7.394054,37.069281],[7.398204,37.05801],[7.404633,37.051581],[7.418224,37.048814],[7.438324,37.04857],[7.447113,37.046617],[7.456065,37.041978],[7.472423,37.050035],[7.490245,37.054999],[7.526134,37.033149],[7.555919,37.00788],[7.588878,36.987616],[7.633556,36.980536],[7.643403,36.982652],[7.652192,36.986233],[7.661876,36.988471],[7.67449,36.986762],[7.685802,36.982408],[7.695974,36.976996],[7.704845,36.970526],[7.712738,36.963202],[7.760753,36.966864],[7.770763,36.97012],[7.789073,36.986558],[7.798595,36.993598],[7.791026,36.973212],[7.778575,36.951117],[7.774262,36.931464],[7.791189,36.918443],[7.773448,36.88996],[7.773774,36.889757],[7.809906,36.86815],[7.866466,36.854397],[7.908458,36.849555],[8.049978,36.87759],[8.073009,36.887397],[8.093028,36.901801],[8.233165,36.958075],[8.25115,36.948676],[8.268728,36.933743],[8.288097,36.92593],[8.333263,36.927802],[8.355968,36.92593],[8.374034,36.918443],[8.388845,36.923245],[8.401622,36.918606],[8.414399,36.910224],[8.428722,36.904202],[8.463227,36.901557],[8.497569,36.904202],[8.601899,36.939358],[8.60255,36.939521],[8.621104,36.945787],[8.692149,36.969387],[8.716563,36.97309],[8.802013,36.97309],[8.824392,36.979478],[8.865733,37.007636],[8.896007,37.018866],[8.903656,37.021674],[8.925792,37.038886],[8.956879,37.069281],[8.987641,37.116848],[9.000987,37.123969],[9.010753,37.127834],[9.038748,37.151842],[9.049327,37.156968],[9.079438,37.166815],[9.15919,37.192816],[9.171397,37.198798],[9.192393,37.226142],[9.210704,37.233832],[9.34254,37.235338],[9.380707,37.247463],[9.405121,37.2685],[9.419119,37.275824],[9.432628,37.271389],[9.442882,37.266547],[9.453868,37.268297],[9.464529,37.272447],[9.493907,37.278144],[9.517345,37.286689],[9.538585,37.298],[9.552745,37.309516],[9.57309,37.300238],[9.591482,37.302924],[9.628429,37.323147],[9.649262,37.331855],[9.66627,37.335435],[9.710297,37.336168],[9.732432,37.343329],[9.74464,37.345201],[9.755138,37.339911],[9.763194,37.333645],[9.773448,37.330512],[9.858897,37.328803],[9.85906,37.325873],[9.861176,37.316352],[9.861664,37.271186],[9.83074,37.251207],[9.792735,37.238023],[9.771821,37.213324],[9.775076,37.205797],[9.790701,37.178412],[9.795665,37.172349],[9.801524,37.169135],[9.807791,37.155015],[9.815929,37.151842],[9.859711,37.14704],[9.879893,37.150092],[9.90211,37.164862],[9.914317,37.17829],[9.925304,37.196763],[9.924978,37.213121],[9.861176,37.233832],[9.851573,37.232856],[9.831065,37.227729],[9.819591,37.227607],[9.819591,37.233832],[9.843923,37.247463],[9.853526,37.249498],[9.85963,37.254136],[9.863943,37.259019],[9.867442,37.261705],[9.882498,37.263577],[9.979828,37.246039],[9.997813,37.247463],[10.05128,37.266588],[10.059825,37.264838],[10.075857,37.24494],[10.146251,37.236518],[10.178722,37.212714],[10.253103,37.191392],[10.272146,37.178534],[10.240082,37.17178],[10.225271,37.166734],[10.211274,37.158677],[10.205821,37.175116],[10.177989,37.177965],[10.146007,37.17121],[10.128103,37.158677],[10.135427,37.14232],[10.161632,37.134345],[10.191905,37.133246],[10.211274,37.1376],[10.218191,37.128933],[10.227061,37.117662],[10.230317,37.1081],[10.224376,37.095933],[10.21754,37.110297],[10.174327,37.076239],[10.182384,37.027045],[10.220063,36.97663],[10.26588,36.93891],[10.303233,36.924384],[10.313731,36.918443],[10.337006,36.891832],[10.347179,36.880276],[10.34197,36.868598],[10.319021,36.850246],[10.309337,36.829779],[10.298839,36.821763],[10.285167,36.819973],[10.272146,36.829088],[10.279552,36.844306],[10.270193,36.848456],[10.25294,36.84634],[10.22047,36.837795],[10.210704,36.831855],[10.193614,36.812323],[10.188487,36.797593],[10.202891,36.792629],[10.234223,36.791897],[10.247244,36.786282],[10.253917,36.791449],[10.257009,36.79385],[10.272146,36.816067],[10.29363,36.777737],[10.320079,36.748765],[10.355317,36.731187],[10.403005,36.726711],[10.416759,36.72956],[10.436995,36.728839],[10.487727,36.749652],[10.518713,36.755797],[10.538233,36.772026],[10.54605,36.799921],[10.552598,36.822921],[10.566905,36.863227],[10.584972,36.876166],[10.60613,36.879706],[10.652599,36.876899],[10.694672,36.88345],[10.733466,36.895812],[10.783205,36.924418],[10.813975,36.950385],[10.82309,36.953925],[10.826915,36.963202],[10.830089,36.968248],[10.887543,37.006008],[10.895844,37.014106],[10.898448,37.025214],[10.894705,37.032172],[10.892914,37.038642],[10.90211,37.048814],[10.923676,37.057034],[10.974132,37.061265],[11.012706,37.084784],[11.033376,37.08747],[11.051036,37.080308],[11.060313,37.062486],[11.05893,37.0539],[11.048595,37.041978],[11.046072,37.03144],[11.04835,37.020331],[11.058116,37.006008],[11.060313,36.997016],[11.063975,36.990058],[11.081309,36.969387],[11.087738,36.959418],[11.090099,36.949612],[11.091807,36.928209],[11.094493,36.918443],[11.099132,36.91059],[11.105968,36.901597],[11.113129,36.894232],[11.118419,36.891181],[11.124278,36.885688],[11.136227,36.87053],[11.130545,36.854039],[11.116767,36.838412],[11.076735,36.825188],[11.02214,36.788276],[10.992548,36.744064],[10.94993,36.693878],[10.879519,36.588475],[10.825662,36.479811],[10.799929,36.451885],[10.717154,36.434551],[10.620441,36.39028],[10.585564,36.398132],[10.550928,36.377256],[10.519085,36.337472],[10.504845,36.299355],[10.491068,36.258066],[10.479267,36.216962],[10.476856,36.165522],[10.474695,36.112486],[10.479528,36.079327],[10.492393,36.045341],[10.499848,36.027289],[10.504731,36.020941],[10.509125,36.011176],[10.514822,35.989081],[10.518565,35.979967],[10.540538,35.952826],[10.556488,35.937974],[10.570323,35.931586],[10.582286,35.92182],[10.608572,35.855862],[10.622081,35.842597],[10.691335,35.789618],[10.693696,35.787787],[10.713064,35.779242],[10.74362,35.769672],[10.803722,35.786933],[10.813813,35.78498],[10.82309,35.780463],[10.84142,35.766548],[10.83034,35.753234],[10.824522,35.733389],[10.8296,35.713121],[10.841156,35.698798],[10.881521,35.68301],[10.971816,35.654138],[11.011974,35.657904],[11.040998,35.63773],[11.055022,35.614476],[11.0171,35.602281],[11.011974,35.579047],[11.013927,35.562893],[11.014903,35.555162],[11.023936,35.533759],[11.039236,35.5185],[11.085057,35.506785],[11.05769,35.486733],[11.050666,35.459782],[11.04553,35.434755],[11.049412,35.391255],[11.037188,35.370821],[11.042233,35.334435],[11.065891,35.303268],[11.101329,35.266832],[11.122081,35.253648],[11.147104,35.244005],[11.160782,35.238232],[11.15916,35.218757],[11.131352,35.217959],[11.111578,35.205595],[11.092316,35.173939],[11.062912,35.153639],[11.04883,35.131223],[11.03499,35.107056],[11.01588,35.092841],[11.022453,35.064502],[11.018105,35.034191],[10.984366,34.999414],[10.945863,34.983531],[10.917654,34.957424],[10.924951,34.934122],[10.916515,34.913316],[10.916336,34.873569],[10.875499,34.849066],[10.86671,34.841254],[10.860362,34.836819],[10.856293,34.830878],[10.867358,34.811033],[10.871421,34.797367],[10.834885,34.783398],[10.811262,34.76888],[10.779042,34.739501],[10.763469,34.713448],[10.743988,34.698676],[10.734711,34.680854],[10.717296,34.66474],[10.701182,34.655951],[10.634288,34.637885],[10.625255,34.633246],[10.62143,34.626288],[10.619884,34.615871],[10.615001,34.603583],[10.607432,34.593329],[10.60571,34.573668],[10.598752,34.562453],[10.597023,34.544713],[10.581615,34.532679],[10.559376,34.52349],[10.465994,34.511949],[10.431895,34.496324],[10.378724,34.42308],[10.330414,34.412584],[10.320486,34.413235],[10.31129,34.416815],[10.300059,34.417711],[10.288097,34.414008],[10.281993,34.408881],[10.278005,34.402737],[10.256602,34.379096],[10.247244,34.372138],[10.234223,34.36933],[10.186778,34.351955],[10.166677,34.338813],[10.12672,34.325629],[10.102161,34.304075],[10.089778,34.272975],[10.054034,34.213163],[10.032777,34.184655],[10.018809,34.180569],[10.010265,34.173163],[10.010102,34.173082],[10.005219,34.17064],[10.014659,34.153388],[10.018403,34.13349],[10.01824,34.091539],[10.021495,34.07331],[10.036143,34.034491],[10.039317,34.016099],[10.048839,33.983466],[10.0713,33.946234],[10.163097,33.836249],[10.172699,33.82807],[10.18686,33.821763],[10.330251,33.702826],[10.367686,33.684068],[10.446056,33.655422],[10.460216,33.652696],[10.489268,33.647121],[10.558373,33.655721],[10.634072,33.673628],[10.697618,33.702597],[10.716645,33.706936],[10.739992,33.671578],[10.736924,33.60285],[10.70753,33.581692],[10.691417,33.576117],[10.679047,33.562567],[10.674083,33.5456],[10.679942,33.529853],[10.703624,33.496039],[10.717133,33.483547],[10.738129,33.478013],[10.780528,33.485745],[10.856212,33.524319],[10.892263,33.533271],[10.909434,33.539618],[10.925141,33.55508],[10.932791,33.574042],[10.92628,33.591254],[10.90919,33.607856],[10.906505,33.616441],[10.936209,33.636298],[10.947927,33.629462],[10.960623,33.627672],[10.971446,33.631903],[10.977875,33.643134],[10.98463,33.643134],[11.000662,33.634182],[11.042817,33.617865],[11.060313,33.608344],[11.073578,33.594468],[11.108165,33.549628],[11.111583,33.540025],[11.116621,33.489973],[11.089929,33.454149],[11.110783,33.39297],[11.102074,33.364081],[11.131114,33.371527],[11.15089,33.353949],[11.170665,33.331773],[11.193858,33.32099],[11.217784,33.316311],[11.269054,33.294257],[11.293712,33.286811],[11.287364,33.28205],[11.284434,33.280829],[11.28004,33.280015],[11.181895,33.306789],[11.133637,33.311428],[11.121837,33.280015],[11.131521,33.268052],[11.147716,33.256903],[11.163341,33.242621],[11.170177,33.221015],[11.179535,33.211086],[11.201508,33.211168],[11.245372,33.217922],[11.287852,33.21011],[11.372244,33.183783],[11.416759,33.183783],[11.433116,33.193549],[11.427582,33.207017],[11.410655,33.21894],[11.392751,33.224107],[11.381358,33.230699],[11.367442,33.245266],[11.351899,33.258857],[11.442393,33.204657],[11.497813,33.182685],[11.504568,33.181342],[11.505138,33.18122],[11.52589,33.176947],[11.560232,33.16592],[11.574962,33.157945],[11.587657,33.13231],[11.603038,33.121487],[11.635753,33.10871],[11.756602,33.092515],[11.793468,33.080756],[11.77296,33.099351],[11.707774,33.117174],[11.691091,33.135972],[11.739268,33.112982],[11.847016,33.082831],[12.08074,32.957831],[12.122406,32.921332],[12.160655,32.911689],[12.224864,32.875922],[12.303884,32.843085],[12.348318,32.832668],[12.729828,32.79857],[12.824392,32.804348],[13.074474,32.86636],[13.115489,32.882148],[13.147716,32.903998],[13.164724,32.912746],[13.187755,32.916246],[13.257091,32.918647],[13.351736,32.904242],[13.363129,32.899563],[13.373546,32.892035],[13.571462,32.802802],[13.616954,32.793402],[13.78712,32.799628],[13.830333,32.794094],[13.915294,32.772773],[13.991222,32.744574],[14.175548,32.717678],[14.185313,32.714504],[14.20338,32.700344],[14.209321,32.697211],[14.226329,32.690904],[14.262462,32.660305],[14.317149,32.630439],[14.404063,32.56684],[14.449392,32.525377],[14.469493,32.519029],[14.631602,32.495673],[14.647634,32.488267],[14.662934,32.476752],[14.706716,32.456285],[14.726817,32.450751],[14.911143,32.443915],[15.114757,32.412787],[15.160004,32.398668],[15.181977,32.395494],[15.195974,32.389797],[15.233246,32.347113],[15.269705,32.328843],[15.283051,32.317288],[15.292166,32.280911],[15.300792,32.26081],[15.322602,32.224189],[15.364513,32.174709],[15.370453,32.159084],[15.368663,32.138007],[15.35963,32.102118],[15.356863,32.061672],[15.355235,32.03852],[15.361095,31.965318],[15.370453,31.929389],[15.490408,31.664862],[15.514415,31.628363],[15.622813,31.49726],[15.687511,31.437812],[15.761485,31.388129]],[[15.995779,43.503363],[15.973481,43.503119],[15.966319,43.51081],[15.965505,43.509101],[15.965587,43.506171],[15.964366,43.503892],[15.959483,43.503974],[15.961274,43.515041],[15.966563,43.516913],[15.974376,43.51675],[15.983653,43.521064],[15.98699,43.527289],[15.984223,43.53205],[15.98227,43.537299],[15.987315,43.544908],[15.970958,43.543524],[15.965099,43.541938],[15.959483,43.538153],[15.956228,43.547919],[15.94809,43.552883],[15.925304,43.55858],[15.941905,43.560004],[15.944184,43.566718],[15.935395,43.572943],[15.917979,43.572903],[15.917979,43.579088],[15.922618,43.581122],[15.927582,43.584296],[15.93214,43.586575],[15.92213,43.591986],[15.917979,43.593329],[15.925304,43.599555],[15.917979,43.606391],[15.925304,43.613837],[15.918956,43.62873],[15.929535,43.634223],[15.966319,43.633734],[15.966319,43.641181],[15.921397,43.648139],[15.904796,43.648017],[15.916759,43.653632],[15.926606,43.653022],[15.934825,43.649848],[15.942393,43.648017],[15.952973,43.650865],[15.951427,43.657416],[15.942638,43.664293],[15.93214,43.668443],[15.945974,43.672309],[15.952403,43.679755],[15.95045,43.688544],[15.938975,43.696438],[15.939708,43.677639],[15.931163,43.6765],[15.906749,43.691474],[15.892914,43.700507],[15.885997,43.700344],[15.876801,43.701646],[15.870779,43.703192],[15.864513,43.708157],[15.850759,43.723944],[15.844005,43.729926],[15.803477,43.746405],[15.792166,43.754462],[15.771007,43.759955],[15.706309,43.763414],[15.692638,43.774604],[15.68214,43.797187],[15.658458,43.80508],[15.632986,43.810452],[15.617442,43.825507],[15.647309,43.815863],[15.663097,43.812974],[15.678884,43.811835],[15.678884,43.819281],[15.673025,43.821234],[15.668956,43.82099],[15.666759,43.819973],[15.665782,43.819281],[15.638845,43.836127],[15.574067,43.859524],[15.546886,43.876573],[15.545177,43.877631],[15.524913,43.900458],[15.512218,43.911078],[15.497732,43.915513],[15.482432,43.917141],[15.473643,43.919135],[15.466075,43.921698],[15.455089,43.928046],[15.449718,43.934394],[15.445649,43.941352],[15.438731,43.949652],[15.384044,43.997382],[15.358084,44.025702],[15.33961,44.039374],[15.319509,44.045233],[15.277599,44.082343],[15.278331,44.085598],[15.233246,44.120917],[15.222016,44.125637],[15.212901,44.131049],[15.208832,44.13817],[15.212738,44.148261],[15.196951,44.15648],[15.144542,44.195461],[15.160411,44.213202],[15.152192,44.235297],[15.131521,44.254625],[15.110362,44.26435],[15.122244,44.274807],[15.140636,44.282457],[15.157563,44.280341],[15.16505,44.261217],[15.176606,44.249945],[15.197927,44.25731],[15.207774,44.272773],[15.185395,44.285386],[15.193044,44.286851],[15.194184,44.288642],[15.194591,44.288804],[15.199067,44.285386],[15.206554,44.285386],[15.201182,44.297512],[15.19809,44.301663],[15.247569,44.277981],[15.268403,44.25845],[15.279552,44.251776],[15.295258,44.250678],[15.281749,44.285386],[15.290538,44.287421],[15.294932,44.290229],[15.297862,44.294013],[15.302745,44.29914],[15.289317,44.302191],[15.278168,44.309801],[15.268891,44.320461],[15.261241,44.332587],[15.280528,44.327541],[15.308604,44.309272],[15.336925,44.301663],[15.408539,44.272284],[15.42449,44.267971],[15.503591,44.259223],[15.525238,44.260688],[15.528656,44.271796],[15.514822,44.27851],[15.449229,44.285386],[15.444184,44.288479],[15.414073,44.316555],[15.406016,44.320624],[15.307953,44.354397],[15.293793,44.364814],[15.15504,44.466702],[15.108084,44.513861],[15.080089,44.536078],[15.052013,44.545478],[15.047862,44.55036],[15.01531,44.569078],[15.007335,44.569729],[15.001313,44.578518],[14.901378,44.690172],[14.8838,44.723619],[14.895193,44.736151],[14.893891,44.750963],[14.887462,44.768378],[14.8838,44.788764],[14.881358,44.844062],[14.8838,44.861477],[14.905284,44.924628],[14.914887,44.939927],[14.921641,44.958808],[14.914317,44.981431],[14.856456,45.076483],[14.852794,45.093655],[14.84254,45.105536],[14.827403,45.113959],[14.765961,45.137356],[14.657888,45.196601],[14.6067,45.244371],[14.592784,45.249823],[14.57602,45.262274],[14.568614,45.275946],[14.582205,45.285346],[14.570811,45.293647],[14.534353,45.31269],[14.552257,45.297675],[14.555431,45.295885],[14.551931,45.288072],[14.543305,45.28384],[14.533051,45.283881],[14.524425,45.288764],[14.510509,45.29975],[14.402354,45.338609],[14.363617,45.344631],[14.345876,45.35163],[14.329763,45.35399],[14.311534,45.34398],[14.290782,45.320502],[14.271983,45.290107],[14.258474,45.255764],[14.247732,45.186469],[14.234711,45.154568],[14.23406,45.153062],[14.232595,45.149359],[14.209239,45.12637],[14.179373,45.134508],[14.195323,45.120592],[14.193126,45.105618],[14.180431,45.091457],[14.164399,45.079901],[14.158214,45.087348],[14.154307,45.078925],[14.154063,45.071967],[14.158214,45.053209],[14.154307,45.054999],[14.147472,45.057278],[14.143891,45.059394],[14.143891,45.053209],[14.159434,45.040351],[14.166189,45.018948],[14.163748,44.995754],[14.151378,44.977484],[14.139903,44.97134],[14.131847,44.972073],[14.124197,44.975409],[14.113292,44.977484],[14.101329,44.97427],[14.089692,44.966498],[14.080414,44.957261],[14.075694,44.94953],[14.068858,44.94953],[14.071625,44.969062],[14.0796,44.977932],[14.083832,44.986396],[14.075694,45.004828],[14.054535,45.018459],[14.051524,45.026028],[14.053071,45.033149],[14.051931,45.038031],[14.040294,45.038967],[14.044119,45.027167],[14.039887,45.009426],[14.044281,45.00141],[14.054698,44.996527],[14.064138,44.995754],[14.071544,44.993354],[14.075694,44.98371],[14.064789,44.976142],[14.050792,44.956488],[14.044444,44.951402],[14.040294,44.956366],[14.034679,44.956366],[14.038748,44.949408],[14.040212,44.941067],[14.039073,44.93183],[14.034679,44.922309],[14.026622,44.924058],[14.022472,44.923489],[14.022634,44.9206],[14.027843,44.915432],[14.027843,44.908637],[14.022716,44.908271],[14.021495,44.907375],[14.021739,44.905097],[14.020518,44.901109],[14.01059,44.90526],[13.988455,44.900784],[13.972667,44.901109],[13.980724,44.896552],[13.98585,44.892076],[13.993012,44.881293],[13.986176,44.881293],[13.986176,44.875067],[13.993012,44.875067],[13.993012,44.867621],[13.98585,44.864163],[13.981293,44.859809],[13.972667,44.847154],[13.97462,44.839667],[13.976329,44.83747],[13.976248,44.834906],[13.972667,44.826646],[13.983246,44.827053],[13.989431,44.8251],[13.993988,44.820502],[14.000011,44.813056],[13.963878,44.811835],[13.9463,44.813788],[13.931651,44.820502],[13.929698,44.816352],[13.929535,44.815253],[13.924815,44.813056],[13.918712,44.829047],[13.909679,44.830959],[13.899587,44.829047],[13.890147,44.833482],[13.883149,44.826646],[13.893891,44.823391],[13.904307,44.817288],[13.909353,44.808987],[13.90447,44.798774],[13.913422,44.782416],[13.917979,44.778266],[13.903168,44.772406],[13.899425,44.781968],[13.89975,44.798285],[13.896983,44.813056],[13.889659,44.817084],[13.860037,44.82567],[13.849132,44.826646],[13.851248,44.830024],[13.853852,44.837063],[13.855968,44.840277],[13.852794,44.840766],[13.845551,44.840155],[13.842296,44.840277],[13.849132,44.847154],[13.842296,44.854641],[13.831391,44.852729],[13.815684,44.856594],[13.799327,44.864569],[13.78712,44.875067],[13.794607,44.881293],[13.804861,44.870592],[13.819591,44.867662],[13.833751,44.873358],[13.842296,44.888129],[13.815278,44.883531],[13.804861,44.885403],[13.794607,44.894965],[13.794607,44.901109],[13.798676,44.903957],[13.803477,44.910631],[13.808116,44.915432],[13.796723,44.924872],[13.774099,44.963813],[13.732758,44.99494],[13.681326,45.046373],[13.67335,45.051093],[13.660818,45.061225],[13.643809,45.070502],[13.62322,45.073065],[13.627696,45.079413],[13.633067,45.089423],[13.636892,45.093573],[13.612559,45.117865],[13.63852,45.130032],[13.726248,45.134508],[13.706716,45.141099],[13.683604,45.143378],[13.636892,45.142035],[13.61199,45.136786],[13.600597,45.137274],[13.595958,45.145413],[13.597911,45.155951],[13.600597,45.164618],[13.599376,45.171291],[13.589122,45.175482],[13.593761,45.182278],[13.594412,45.187323],[13.590587,45.191799],[13.582286,45.196601],[13.582286,45.202826],[13.590505,45.206488],[13.594493,45.212633],[13.594249,45.220771],[13.589122,45.230699],[13.595714,45.240546],[13.595225,45.2508],[13.588227,45.259589],[13.57545,45.264879],[13.578787,45.270982],[13.584239,45.276068],[13.592052,45.27912],[13.602712,45.27912],[13.602712,45.285346],[13.59254,45.288804],[13.584646,45.293199],[13.578949,45.299018],[13.57545,45.306464],[13.585704,45.307807],[13.594493,45.311103],[13.609548,45.320136],[13.597911,45.324368],[13.571056,45.325019],[13.561778,45.326361],[13.550629,45.334296],[13.54127,45.346137],[13.540538,45.356757],[13.554942,45.36107],[13.554942,45.367336],[13.543142,45.376166],[13.513357,45.436225],[13.515391,45.438137],[13.518565,45.440334],[13.520763,45.44302],[13.515961,45.447455],[13.515636,45.448147],[13.517833,45.449774],[13.520763,45.457261],[13.504568,45.483873],[13.501475,45.498603],[13.507091,45.511908],[13.513357,45.511908],[13.523123,45.506252],[13.568614,45.49079],[13.589529,45.488837],[13.591645,45.493109],[13.589122,45.501614],[13.595958,45.511908],[13.595958,45.518134],[13.586192,45.519477],[13.578624,45.523383],[13.572765,45.529975],[13.568614,45.539252],[13.58961,45.535793],[13.675141,45.544745],[13.75294,45.552883],[13.75294,45.559068],[13.742361,45.56977],[13.727387,45.581204],[13.711762,45.593207],[13.718761,45.600653],[13.730154,45.613105],[13.757009,45.613674],[13.786876,45.611151],[13.808116,45.614325],[13.795584,45.617011],[13.786469,45.624335],[13.77711,45.635443],[13.739268,45.649115],[13.75766,45.654975],[13.753673,45.672309],[13.739106,45.691596],[13.726248,45.703762],[13.647309,45.76203],[13.628917,45.77261],[13.574229,45.789618],[13.55128,45.792426],[13.534434,45.78205],[13.524181,45.760077],[13.528331,45.740546],[13.554942,45.737209],[13.518403,45.72484],[13.513357,45.720771],[13.507823,45.714423],[13.480235,45.710679],[13.469249,45.706855],[13.451671,45.693793],[13.427989,45.681138],[13.401703,45.675442],[13.37672,45.683173],[13.390961,45.685777],[13.40919,45.691311],[13.424815,45.698554],[13.431407,45.706855],[13.422618,45.724066],[13.381684,45.730048],[13.369395,45.744615],[13.351817,45.740302],[13.254893,45.756049],[13.24586,45.758938],[13.221853,45.776068],[13.215505,45.778795],[13.204926,45.777737],[13.169444,45.768744],[13.157725,45.754584],[13.149669,45.751532],[13.139822,45.754869],[13.131358,45.768866],[13.119314,45.771959],[13.11085,45.767646],[13.108165,45.758205],[13.111827,45.748847],[13.122895,45.744615],[13.122895,45.737209],[13.100597,45.736233],[13.080577,45.727607],[13.069591,45.71369],[13.075043,45.696845],[13.091482,45.689195],[13.111664,45.691352],[13.149669,45.703762],[13.138031,45.689399],[13.103038,45.669013],[13.095632,45.65233],[13.095551,45.652167],[13.084972,45.641913],[13.060557,45.636664],[12.9817,45.634833],[12.943858,45.628567],[12.780772,45.553534],[12.611664,45.496161],[12.512706,45.470445],[12.495942,45.460395],[12.487804,45.456732],[12.451427,45.450426],[12.423676,45.438056],[12.41033,45.436225],[12.418224,45.451117],[12.42921,45.464016],[12.435802,45.474921],[12.430919,45.484036],[12.440603,45.482978],[12.447276,45.48432],[12.45102,45.489],[12.451427,45.498236],[12.458181,45.498236],[12.462901,45.489732],[12.46697,45.485582],[12.471934,45.485907],[12.478689,45.49079],[12.465017,45.504462],[12.476329,45.503567],[12.487153,45.504096],[12.497325,45.506741],[12.499197,45.504462],[12.499848,45.505845],[12.503184,45.502875],[12.506196,45.499091],[12.506602,45.498236],[12.503184,45.49787],[12.492931,45.498236],[12.492931,45.49079],[12.515147,45.492743],[12.520518,45.505032],[12.521495,45.518988],[12.530447,45.52558],[12.548106,45.527004],[12.562511,45.531643],[12.573578,45.540025],[12.581716,45.552883],[12.569672,45.549384],[12.5442,45.536566],[12.537283,45.535834],[12.518321,45.549954],[12.510509,45.559068],[12.506602,45.57331],[12.485199,45.565009],[12.458507,45.548326],[12.441905,45.530341],[12.451427,45.518134],[12.451427,45.511908],[12.434906,45.512356],[12.417735,45.523586],[12.41033,45.518134],[12.403575,45.518134],[12.396739,45.539252],[12.384125,45.523017],[12.390391,45.513983],[12.424001,45.504462],[12.424001,45.498236],[12.411632,45.493313],[12.393403,45.491645],[12.380544,45.494778],[12.383067,45.504462],[12.350434,45.504869],[12.309581,45.488918],[12.272716,45.463609],[12.252696,45.436225],[12.252696,45.429999],[12.258962,45.429999],[12.250011,45.420722],[12.246104,45.411322],[12.248546,45.402533],[12.258962,45.395209],[12.249197,45.385484],[12.247406,45.378241],[12.248057,45.370998],[12.245291,45.36107],[12.237804,45.357733],[12.228282,45.357489],[12.223806,45.353949],[12.232188,45.340562],[12.220876,45.327053],[12.216319,45.31623],[12.208751,45.309068],[12.187511,45.306464],[12.174327,45.310533],[12.162934,45.31623],[12.15447,45.313463],[12.149099,45.292182],[12.159841,45.283108],[12.168793,45.262152],[12.180675,45.258043],[12.191661,45.262885],[12.199392,45.274604],[12.201915,45.288316],[12.197439,45.299628],[12.217296,45.29385],[12.221446,45.283271],[12.220551,45.268785],[12.224864,45.251166],[12.213878,45.248114],[12.211111,45.242987],[12.21518,45.236802],[12.224864,45.230699],[12.221365,45.216254],[12.230479,45.20425],[12.247325,45.196926],[12.266368,45.196601],[12.26352,45.200344],[12.262543,45.200751],[12.258962,45.202826],[12.273692,45.210842],[12.296072,45.22663],[12.307302,45.230699],[12.298025,45.215399],[12.303966,45.200751],[12.315115,45.186469],[12.321056,45.172349],[12.321951,45.138739],[12.328461,45.10102],[12.31837,45.103461],[12.307302,45.107856],[12.308442,45.114447],[12.307302,45.124172],[12.307302,45.128363],[12.297374,45.10635],[12.296723,45.088568],[12.306651,45.078559],[12.328461,45.079901],[12.325206,45.083686],[12.323578,45.086737],[12.321056,45.093573],[12.340831,45.081448],[12.353038,45.066962],[12.363292,45.052191],[12.376231,45.038967],[12.376231,45.032172],[12.368337,45.031155],[12.364106,45.029364],[12.36085,45.027086],[12.355154,45.024644],[12.368826,45.010972],[12.383556,45.026435],[12.386567,45.038764],[12.380626,45.05093],[12.368826,45.065619],[12.383311,45.056342],[12.401378,45.049872],[12.413422,45.042873],[12.41033,45.032172],[12.42628,45.020006],[12.434093,45.01553],[12.444591,45.010972],[12.464692,44.992011],[12.486176,44.976508],[12.499197,44.98371],[12.49586,44.983954],[12.489106,44.983303],[12.486095,44.98371],[12.486095,44.991156],[12.502615,44.991441],[12.516775,44.987616],[12.527599,44.98017],[12.533865,44.970038],[12.53297,44.960842],[12.523123,44.950019],[12.527029,44.943345],[12.518809,44.933783],[12.515391,44.928371],[12.512706,44.922309],[12.506602,44.922309],[12.499034,44.921454],[12.494884,44.910468],[12.492931,44.87816],[12.487315,44.86225],[12.474132,44.845771],[12.444591,44.820502],[12.443126,44.825019],[12.438731,44.834906],[12.43214,44.846015],[12.424001,44.854641],[12.43922,44.87759],[12.443044,44.890082],[12.438324,44.901109],[12.426931,44.904975],[12.415538,44.899848],[12.406912,44.891303],[12.403575,44.884711],[12.3921,44.868394],[12.391612,44.858832],[12.416515,44.851142],[12.415863,44.843573],[12.408214,44.836249],[12.396739,44.833482],[12.396739,44.826646],[12.403819,44.825426],[12.41627,44.821438],[12.424001,44.820502],[12.416189,44.80329],[12.39796,44.793769],[12.375662,44.792222],[12.357432,44.804145],[12.346853,44.815334],[12.321056,44.833482],[12.302989,44.842922],[12.292328,44.843248],[12.266368,44.826646],[12.266368,44.820502],[12.28004,44.820502],[12.253591,44.751288],[12.246593,44.711615],[12.252696,44.668402],[12.26588,44.636176],[12.274913,44.62051],[12.283458,44.613756],[12.285818,44.602688],[12.28004,44.531887],[12.283702,44.487616],[12.31422,44.387193],[12.318207,44.361151],[12.321056,44.353705],[12.32545,44.347805],[12.339203,44.334296],[12.342133,44.329495],[12.344249,44.308295],[12.350271,44.288153],[12.368826,44.250678],[12.389985,44.222724],[12.417166,44.195461],[12.458018,44.166409],[12.47877,44.13935],[12.510916,44.114569],[12.547374,44.093451],[12.574229,44.085598],[12.631358,44.030097],[12.660899,44.008287],[12.69158,43.990627],[12.710297,43.982896],[12.753835,43.972398],[12.756114,43.971869],[12.803966,43.966864],[12.823009,43.958564],[12.862153,43.93537],[12.928884,43.915839],[12.93865,43.904608],[12.947276,43.89761],[13.253266,43.703192],[13.370128,43.650458],[13.389822,43.644599],[13.399669,43.635647],[13.446625,43.623725],[13.473399,43.612006],[13.483165,43.616278],[13.490733,43.623603],[13.496267,43.627509],[13.499034,43.628485],[13.501231,43.630601],[13.504405,43.632758],[13.510265,43.633734],[13.516124,43.631741],[13.519054,43.627183],[13.521007,43.622707],[13.524181,43.620673],[13.543224,43.613227],[13.557791,43.596747],[13.569184,43.580308],[13.578868,43.572903],[13.597911,43.569525],[13.615571,43.560492],[13.624522,43.547187],[13.616954,43.531317],[13.760265,43.263739],[13.776052,43.243598],[13.780284,43.236518],[13.786632,43.200588],[13.790782,43.192084],[13.802745,43.178209],[13.834809,43.127265],[13.848643,43.091742],[13.865408,43.00731],[13.905528,42.901557],[13.944672,42.798285],[13.980479,42.730373],[14.001231,42.698432],[14.063243,42.624823],[14.068858,42.609565],[14.075369,42.598822],[14.220551,42.47016],[14.28419,42.42829],[14.356212,42.392971],[14.38738,42.372952],[14.429047,42.321723],[14.560232,42.225653],[14.595876,42.208564],[14.653494,42.191067],[14.693696,42.18537],[14.709239,42.175482],[14.717052,42.160061],[14.72283,42.118801],[14.729503,42.099107],[14.740733,42.084621],[14.757498,42.078843],[14.763357,42.077948],[14.780121,42.075263],[14.799815,42.066352],[14.83546,42.044135],[14.871104,42.031806],[14.951996,42.021064],[14.993663,42.010647],[15.007335,42.00137],[15.034516,41.974595],[15.045177,41.96898],[15.063162,41.964301],[15.10434,41.941881],[15.123383,41.934272],[15.143565,41.931179],[15.165375,41.927802],[15.281749,41.928046],[15.400564,41.907782],[15.446056,41.906928],[15.611339,41.928046],[15.774425,41.92121]],[[15.925304,41.640041],[15.900076,41.614651],[15.891368,41.57685],[15.896332,41.536444],[15.911794,41.502875],[15.933604,41.479438],[15.961111,41.459459]],[[15.942149,37.933092],[15.761485,37.925238],[15.734874,37.930976],[15.708263,37.940985],[15.684418,37.953518],[15.665782,37.966864],[15.645518,37.988349],[15.635102,38.009101],[15.638357,38.027737],[15.658458,38.042548],[15.63266,38.074205],[15.624034,38.092108],[15.627452,38.107367],[15.641612,38.125922],[15.647797,38.143134],[15.646495,38.162095],[15.63795,38.18594],[15.632823,38.220282],[15.650564,38.241034],[15.684255,38.253119],[15.786469,38.278022],[15.795665,38.285549],[15.798676,38.290717],[15.812836,38.300605],[15.816173,38.306057],[15.829763,38.35102],[15.904796,38.473944],[15.917817,38.516791],[15.916026,38.55036],[15.900076,38.578274],[15.870779,38.604234],[15.863536,38.608222],[15.849946,38.613349],[15.844005,38.617906],[15.83546,38.628241],[15.833669,38.633775],[15.835216,38.639228],[15.836599,38.648993],[15.844493,38.660386],[15.863129,38.66828],[15.904796,38.679389],[15.968028,38.712592]],[[15.995396,39.438768],[15.958076,39.477564],[15.933116,39.513658],[15.904796,39.535956],[15.876231,39.551459],[15.867524,39.56391],[15.859716,39.588764],[15.850271,39.614732],[15.836599,39.652655],[15.815684,39.6789],[15.806407,39.695502],[15.788748,39.796617],[15.788748,39.790351],[15.783946,39.810004],[15.778819,39.820136],[15.771332,39.82453],[15.769705,39.830146],[15.781912,39.868598],[15.774425,39.891099],[15.741547,39.929592],[15.734141,39.943752],[15.728038,39.964179],[15.713145,39.981024],[15.678884,40.008857],[15.651622,40.043647],[15.630382,40.057685],[15.624685,40.064887],[15.624278,40.077786],[15.610199,40.073188],[15.534923,40.077786],[15.513127,40.06768],[15.495312,40.046719],[15.459809,40.029364],[15.429602,39.999793],[15.4101,39.99397],[15.360943,39.998891],[15.34316,40.004149],[15.314301,40.033759],[15.302745,40.0362],[15.293305,40.032416],[15.283051,40.029853],[15.272227,40.028754],[15.261241,40.029364],[15.261241,40.0362],[15.279145,40.047675],[15.263438,40.073717],[15.233897,40.100002],[15.209646,40.111884],[15.189952,40.119127],[15.127208,40.169623],[15.112804,40.174791],[15.095876,40.173082],[15.065684,40.166571],[15.047211,40.168931],[15.034923,40.17536],[15.022804,40.195627],[15.003122,40.210259],[14.975904,40.219313],[14.966319,40.224555],[14.957088,40.23155],[14.938138,40.227839],[14.92213,40.238023],[14.911143,40.241645],[14.906912,40.258612],[14.931895,40.285549],[14.939138,40.307074],[14.932384,40.324286],[14.932384,40.333726],[14.942149,40.337836],[14.953949,40.339911],[14.964366,40.34516],[14.972911,40.351996],[14.99449,40.358434],[15.000433,40.368828],[14.998267,40.397559],[14.975922,40.431464],[14.888845,40.573065],[14.861501,40.607164],[14.83546,40.632636],[14.809744,40.652981],[14.781993,40.669867],[14.752208,40.676703],[14.719981,40.666815],[14.69044,40.649115],[14.678071,40.646633],[14.625743,40.649075],[14.613292,40.645901],[14.5713,40.617743],[14.5442,40.613593],[14.516368,40.619859],[14.486583,40.632636],[14.471365,40.624661],[14.422048,40.615546],[14.401541,40.602118],[14.355805,40.583645],[14.342621,40.570624],[14.329845,40.584459],[14.327973,40.605414],[14.337738,40.624416],[14.35963,40.632636],[14.379731,40.633857],[14.38738,40.636949],[14.398213,40.643842],[14.404799,40.656033],[14.444211,40.685987],[14.47637,40.695102],[14.479747,40.711493],[14.474132,40.729682],[14.460623,40.744208],[14.442638,40.755072],[14.42129,40.75093],[14.405403,40.756887],[14.394433,40.761566],[14.382554,40.772266],[14.366609,40.780178],[14.348888,40.796861],[14.312348,40.828111],[14.2942,40.838772],[14.275727,40.840033],[14.248383,40.837714],[14.223643,40.831366],[14.212738,40.820746],[14.203461,40.801215],[14.182203,40.800918],[14.165597,40.815752],[14.135233,40.818554],[14.111501,40.829535],[14.095958,40.833808],[14.08253,40.831285],[14.076182,40.822211],[14.077403,40.81037],[14.081228,40.797105],[14.08253,40.783515],[14.075282,40.786278],[14.047697,40.789589],[14.041151,40.796484],[14.052257,40.837592],[14.044465,40.874205],[14.021344,40.921829],[13.965343,40.996405],[13.930186,41.014146],[13.917979,41.023668],[13.914561,41.033149],[13.912771,41.054429],[13.910655,41.064643],[13.884318,41.1048],[13.851725,41.147316],[13.790491,41.205864],[13.721853,41.252387],[13.708507,41.256415],[13.678722,41.250556],[13.663341,41.250678],[13.656586,41.259589],[13.594412,41.253119],[13.56365,41.237982],[13.57545,41.208075],[13.543956,41.20661],[13.534434,41.208075],[13.525238,41.215399],[13.519542,41.225165],[13.514415,41.229682],[13.507091,41.221747],[13.499685,41.221747],[13.480235,41.239163],[13.324392,41.294827],[13.285818,41.295722],[13.204845,41.283759],[13.187022,41.278022],[13.151215,41.260199],[13.114513,41.250881],[13.090505,41.226549],[13.068207,41.221747],[13.044607,41.227525],[13.036794,41.240424],[13.033458,41.256903],[13.023692,41.273586],[13.011974,41.286526],[12.992686,41.315619],[12.979503,41.331],[12.923839,41.379788],[12.893565,41.399319],[12.862153,41.41352],[12.841563,41.418402],[12.76295,41.421373],[12.748546,41.423733],[12.678559,41.457953],[12.653982,41.465644],[12.642426,41.458197],[12.635265,41.447496],[12.619395,41.459133],[12.545584,41.544135],[12.448009,41.630764],[12.342784,41.702297],[12.327159,41.711371],[12.300629,41.717434],[12.285004,41.7272],[12.276622,41.729438],[12.246918,41.73371],[12.239024,41.736274],[12.223481,41.750678],[12.21518,41.768134],[12.211762,41.787543],[12.211192,41.807929],[12.206228,41.827338],[12.194591,41.847357],[12.170177,41.879584],[12.147472,41.903469],[12.049978,41.96015],[12.038829,41.965155],[12.029796,41.972846],[12.026134,41.985785],[12.020356,41.993069],[11.992035,41.996283],[11.982188,41.999742],[11.969005,42.01142],[11.952647,42.022284],[11.934581,42.03148],[11.91684,42.037909],[11.839692,42.036444],[11.827485,42.034166],[11.822113,42.04678],[11.809418,42.066352],[11.79363,42.084459],[11.779796,42.092515],[11.771983,42.106269],[11.750173,42.127916],[11.745616,42.136623],[11.742931,42.152289],[11.736176,42.168891],[11.68214,42.252143],[11.658214,42.279364],[11.539073,42.348863],[11.489268,42.359361],[11.420665,42.386623],[11.396169,42.392971],[11.396169,42.400377],[11.386892,42.404283],[11.376638,42.406887],[11.365733,42.407904],[11.354666,42.407213],[11.362071,42.400377],[11.333018,42.40058],[11.259044,42.420844],[11.245616,42.422309],[11.227387,42.422187],[11.211274,42.418891],[11.204356,42.410956],[11.200938,42.395453],[11.18629,42.379299],[11.183849,42.366278],[11.174653,42.36933],[11.164724,42.36933],[11.1574,42.367743],[11.155935,42.366278],[11.147797,42.371405],[11.134532,42.384182],[11.106619,42.391262],[11.094493,42.402737],[11.086762,42.418362],[11.086941,42.429457],[11.099132,42.442857],[11.113021,42.446358],[11.141816,42.438797],[11.164191,42.439828],[11.179692,42.456498],[11.188448,42.480267],[11.188975,42.504706],[11.18686,42.520819],[11.166026,42.54621],[11.158458,42.564032],[11.148611,42.563178],[11.137218,42.558905],[11.128673,42.558051],[11.115977,42.571967],[11.10727,42.590766],[11.097423,42.606879],[11.080903,42.612698],[11.07781,42.632229],[11.053477,42.64704],[11.005707,42.667914],[11.000255,42.679877],[10.995616,42.696031],[10.990001,42.710273],[10.981212,42.716295],[10.972341,42.720038],[10.943614,42.742987],[10.89088,42.763902],[10.731293,42.804429],[10.755382,42.819159],[10.764903,42.835273],[10.766368,42.854193],[10.765636,42.877102],[10.768728,42.883938],[10.774587,42.888251],[10.77768,42.894721],[10.77296,42.908149],[10.76352,42.91828],[10.750743,42.925279],[10.681407,42.949042],[10.632498,42.958482],[10.583263,42.959703],[10.539073,42.949123],[10.543468,42.938788],[10.54656,42.93476],[10.518565,42.925279],[10.499522,42.940497],[10.47755,42.990058],[10.502696,43.005561],[10.5171,43.023912],[10.539073,43.079413],[10.535655,43.091376],[10.535655,43.112616],[10.539317,43.134182],[10.54656,43.147121],[10.538341,43.164252],[10.534434,43.185289],[10.532888,43.226223],[10.528168,43.246772],[10.516938,43.266791],[10.437022,43.388577],[10.373383,43.453192],[10.359141,43.465277],[10.326345,43.476874],[10.317231,43.492621],[10.29477,43.568549],[10.264008,43.809394],[10.251638,43.846625],[10.210134,43.920233],[10.180675,43.955268],[10.136485,43.978705],[10.105805,44.01675],[10.090587,44.025377],[10.072032,44.029527],[10.03533,44.047838],[10.014822,44.052069],[9.998546,44.058051],[9.988536,44.05976],[9.984141,44.055487],[9.980724,44.049872],[9.972667,44.045722],[9.962738,44.044664],[9.953624,44.048651],[9.937836,44.06037],[9.904307,44.079901],[9.88795,44.093004],[9.876801,44.087836],[9.844737,44.108629],[9.826427,44.107245],[9.833263,44.09984],[9.828624,44.098131],[9.823985,44.09512],[9.819591,44.093004],[9.824474,44.084906],[9.830577,44.078843],[9.838145,44.074774],[9.847504,44.072496],[9.847504,44.066311],[9.841645,44.063381],[9.838878,44.06037],[9.833263,44.052069],[9.846365,44.046291],[9.84254,44.041164],[9.832286,44.042304],[9.826427,44.055487],[9.819835,44.063381],[9.771821,44.079413],[9.720876,44.113471],[9.709727,44.117743],[9.682628,44.136542],[9.672537,44.140815],[9.64324,44.14232],[9.631033,44.144599],[9.621104,44.148261],[9.586192,44.17772],[9.579926,44.178941],[9.573009,44.191596],[9.556488,44.200141],[9.511241,44.215237],[9.499034,44.221829],[9.489757,44.230902],[9.484386,44.243842],[9.472504,44.239814],[9.453868,44.237698],[9.436778,44.239488],[9.42921,44.24726],[9.422374,44.256781],[9.374522,44.271796],[9.367686,44.29442],[9.262706,44.336412],[9.230642,44.353705],[9.221039,44.344062],[9.213715,44.333441],[9.209809,44.320868],[9.210704,44.305325],[9.16505,44.318305],[9.146658,44.328559],[9.148611,44.340033],[9.130056,44.363349],[9.102061,44.373969],[9.001231,44.387274],[8.952891,44.399807],[8.923676,44.411566],[8.914561,44.408922],[8.868419,44.409735],[8.845388,44.413479],[8.837738,44.417182],[8.826996,44.428453],[8.76238,44.432115],[8.737153,44.428778],[8.724783,44.423977],[8.695811,44.406724],[8.685313,44.398098],[8.678559,44.39468],[8.670909,44.394721],[8.662771,44.395575],[8.655121,44.39468],[8.593761,44.362738],[8.576671,44.360541],[8.564789,44.357164],[8.540294,44.340033],[8.466075,44.304267],[8.444509,44.283881],[8.449718,44.26435],[8.439464,44.25316],[8.436534,44.247545],[8.435395,44.240424],[8.432384,44.238023],[8.417247,44.230658],[8.411876,44.227037],[8.406505,44.215033],[8.408539,44.204088],[8.408214,44.193508],[8.394542,44.182359],[8.369395,44.173529],[8.313487,44.160468],[8.284679,44.148261],[8.269542,44.138739],[8.256521,44.128363],[8.233165,44.103583],[8.229991,44.09634],[8.231212,44.080308],[8.229991,44.072496],[8.223806,44.057196],[8.216319,44.045233],[8.169119,44.006659],[8.15268,43.983222],[8.167979,43.962633],[8.167979,43.956488],[8.144705,43.952582],[8.115245,43.92768],[8.089203,43.919867],[8.081554,43.915229],[8.07545,43.909654],[8.073009,43.904608],[8.067719,43.896674],[8.055675,43.892076],[8.031423,43.887519],[7.959727,43.852851],[7.785818,43.821967],[7.736583,43.798245],[7.694998,43.791205],[7.572032,43.791327],[7.544119,43.784491],[7.531098,43.784491],[7.523204,43.789049],[7.512869,43.792141],[7.502289,43.792222],[7.489106,43.785468],[7.484874,43.785386],[7.480724,43.785834],[7.47641,43.784491],[7.475759,43.780829],[7.477306,43.768134],[7.47641,43.764635],[7.468435,43.761705],[7.462657,43.762112],[7.454345,43.757117],[7.445974,43.749845],[7.432845,43.739853],[7.417957,43.730904],[7.404319,43.717969],[7.380723,43.719273],[7.36575,43.72273],[7.353184,43.715691],[7.342296,43.707831],[7.338064,43.69831],[7.330533,43.686424],[7.319002,43.68525],[7.300904,43.687689],[7.280253,43.693326],[7.257273,43.691648],[7.241675,43.684869],[7.228509,43.674196],[7.231814,43.66347],[7.213805,43.648673],[7.203791,43.64436],[7.196677,43.656917],[7.177651,43.660109],[7.164595,43.656061],[7.151622,43.654771],[7.144216,43.645453],[7.136567,43.641181],[7.133067,43.633857],[7.126154,43.605833],[7.132091,43.578803],[7.132579,43.573554],[7.136242,43.562459],[7.138916,43.55402],[7.125511,43.547768],[7.112941,43.564544],[7.104324,43.568294],[7.088427,43.568674],[7.071052,43.560805],[7.058108,43.549885],[7.045078,43.542143],[7.037202,43.536264],[7.030634,43.547889],[7.014468,43.547087],[6.993819,43.548906],[6.9756,43.546946],[6.962087,43.540107],[6.945203,43.527253],[6.940888,43.51246],[6.949555,43.50788],[6.948985,43.507392],[6.953805,43.504616],[6.954299,43.500106],[6.92508,43.472761],[6.920372,43.449012],[6.898242,43.437999],[6.894028,43.427628],[6.871072,43.426093],[6.869672,43.432052],[6.86656,43.435456],[6.862957,43.439362],[6.857988,43.436176],[6.856098,43.428729],[6.860136,43.415868],[6.846672,43.412577],[6.834826,43.415811],[6.818843,43.416072],[6.78305,43.408635],[6.772974,43.418454],[6.757086,43.422687],[6.746501,43.417906],[6.731146,43.407847],[6.732824,43.382079],[6.717784,43.366889],[6.717838,43.350604],[6.693931,43.348372],[6.674571,43.346381],[6.666026,43.333197],[6.661306,43.322333],[6.652029,43.314927],[6.624629,43.295913],[6.597243,43.284007],[6.590892,43.268898],[6.611672,43.264288],[6.672358,43.276196],[6.693374,43.272973],[6.698022,43.265457],[6.685395,43.248037],[6.668356,43.239536],[6.665403,43.22129],[6.671978,43.213609],[6.679801,43.201553],[6.6604,43.190412],[6.640391,43.18183],[6.629161,43.179877],[6.609874,43.173407],[6.599457,43.174994],[6.59547,43.179877],[6.593272,43.18773],[6.581276,43.184374],[6.563718,43.184449],[6.539912,43.182204],[6.536427,43.172544],[6.526714,43.160567],[6.505683,43.150971],[6.479163,43.15606],[6.451332,43.152719],[6.422018,43.152342],[6.401679,43.146938],[6.378541,43.136079],[6.36608,43.118635],[6.369878,43.105519],[6.375371,43.090841],[6.342258,43.090763],[6.328868,43.099921],[6.325694,43.104193],[6.306202,43.109413],[6.280374,43.118666],[6.25347,43.120875],[6.219702,43.116548],[6.193198,43.108773],[6.178664,43.102856],[6.162934,43.092597],[6.153168,43.071967],[6.152768,43.048107],[6.17133,43.042325],[6.18542,43.045444],[6.180072,43.035922],[6.154462,43.033751],[6.097694,43.031261],[6.088517,43.034849],[6.103031,43.040781],[6.119254,43.04515],[6.132066,43.052638],[6.129088,43.071362],[6.109662,43.084316],[6.091933,43.082903],[6.044523,43.078208],[6.027008,43.078195],[6.01652,43.098936],[5.991732,43.102347],[5.958652,43.102168],[5.934093,43.113593],[5.936534,43.119452],[5.938243,43.129096],[5.940929,43.134019],[5.92449,43.134345],[5.908539,43.131293],[5.879405,43.120429],[5.896251,43.115424],[5.91061,43.093204],[5.927252,43.087601],[5.951379,43.079978],[5.940288,43.07091],[5.917208,43.072742],[5.887956,43.072226],[5.875336,43.068793],[5.856605,43.044829],[5.81896,43.053469],[5.790242,43.069931],[5.781873,43.079118],[5.802896,43.08889],[5.818085,43.09909],[5.811465,43.106725],[5.800564,43.111849],[5.783407,43.114598],[5.78084,43.123334],[5.776127,43.130811],[5.760558,43.131982],[5.741012,43.132063],[5.696299,43.146875],[5.687673,43.16885],[5.673919,43.179889],[5.655221,43.18559],[5.634213,43.187229],[5.622903,43.176727],[5.61242,43.160429],[5.588262,43.167979],[5.572706,43.169148],[5.558974,43.181578],[5.547246,43.193859],[5.537836,43.20739],[5.524952,43.212629],[5.514336,43.20774],[5.504176,43.205659],[5.459833,43.208519],[5.439754,43.207646],[5.409515,43.211292],[5.395311,43.212341],[5.370337,43.207859],[5.34698,43.215899],[5.350597,43.233588],[5.35377,43.243801],[5.36085,43.253974],[5.369151,43.270413],[5.357343,43.280345],[5.355968,43.29206],[5.351817,43.297919],[5.338883,43.334289],[5.294173,43.355472],[5.238279,43.328041],[5.163237,43.329314],[5.125174,43.325769],[5.064795,43.328019],[5.034022,43.335476],[5.013936,43.357921],[5.005572,43.381628],[5.026134,43.409329],[5.05714,43.422065],[5.146169,43.422065],[5.173839,43.42829],[5.192882,43.439521],[5.213552,43.457831],[5.226329,43.480292],[5.22283,43.503974],[5.193614,43.489936],[5.165538,43.482489],[5.139985,43.485785],[5.118419,43.503974],[5.111501,43.519355],[5.11085,43.527899],[5.105724,43.533026],[5.084972,43.538153],[5.077403,43.538886],[5.053722,43.538153],[5.049571,43.541449],[5.03533,43.555732],[5.029145,43.55858],[5.022309,43.552191],[5.01588,43.538764],[5.010997,43.525092],[5.009288,43.517646],[5.014659,43.498725],[5.023692,43.490465],[5.035818,43.485582],[5.050304,43.476711],[5.062266,43.451646],[5.051117,43.429267],[5.027599,43.416978],[4.998466,43.414699],[4.983084,43.41706],[4.928477,43.440131],[4.903168,43.431627],[4.892589,43.42536],[4.868175,43.421454],[4.858409,43.415229],[4.850271,43.401435],[4.854991,43.396186],[4.864891,43.3779],[4.867532,43.365112],[4.901005,43.366965],[4.877189,43.350782],[4.855778,43.341779],[4.850823,43.358929],[4.833263,43.381985],[4.791759,43.399115],[4.757823,43.422349],[4.742442,43.448717],[4.744965,43.507392],[4.742442,43.524482],[4.736176,43.539496],[4.725841,43.556789],[4.711925,43.571519],[4.694591,43.579088],[4.694591,43.572903],[4.724376,43.538398],[4.72877,43.527899],[4.72877,43.456204],[4.742524,43.422553],[4.769705,43.401923],[4.800059,43.386054],[4.823019,43.367169],[4.820279,43.346356],[4.791247,43.345222],[4.665886,43.347541],[4.592336,43.359889],[4.566289,43.371094],[4.565544,43.387949],[4.585704,43.404242],[4.588044,43.416891],[4.579594,43.430066],[4.555208,43.443266],[4.513031,43.455797],[4.409419,43.447741],[4.205903,43.459906],[4.181651,43.463772],[4.16033,43.471503],[4.132823,43.487047],[4.117198,43.510484],[4.132823,43.532782],[4.131196,43.536241],[4.105317,43.551866],[4.047455,43.556138],[3.990896,43.550849],[3.952973,43.539944],[3.939301,43.532538],[3.739919,43.412828],[3.622162,43.374905],[3.589692,43.354885],[3.513357,43.281073],[3.492361,43.274319],[3.452403,43.288764],[3.428396,43.285468],[3.385427,43.283922],[3.317719,43.263088],[3.244314,43.219428],[3.22755,43.20425],[3.220958,43.195217],[3.207286,43.186632],[3.195893,43.176663],[3.178722,43.165229],[3.165945,43.152411],[3.15447,43.135281],[3.135997,43.121039],[3.114024,43.106309],[3.104177,43.087795],[3.096039,43.072577],[3.086029,43.054023],[3.070404,43.026923],[3.063243,43.008368],[3.056082,42.992703],[3.046153,42.964179],[3.038992,42.942776],[3.04184,42.932807],[3.054698,42.92711],[3.056082,42.907131],[3.047537,42.847235],[3.040457,42.790188],[3.038992,42.750271],[3.043305,42.724595],[3.037608,42.683214],[3.04184,42.629055],[3.046153,42.587673],[3.05185,42.554877],[3.066091,42.54206],[3.087494,42.534939],[3.114594,42.530626],[3.13738,42.524929],[3.145925,42.51496],[3.145925,42.503526],[3.143077,42.492133],[3.150238,42.482164],[3.160248,42.475043],[3.175873,42.456488],[3.18157,42.435085],[3.178722,42.417996],[3.170177,42.396593],[3.17449,42.380886],[3.17449,42.363796],[3.187348,42.349514],[3.204194,42.339586],[3.226492,42.342515],[3.249848,42.343207],[3.263031,42.32921],[3.269867,42.32921],[3.28061,42.336859],[3.293712,42.334988],[3.317719,42.322984],[3.294037,42.288031],[3.290375,42.278062],[3.287039,42.262926],[3.279389,42.255642],[3.270356,42.250108],[3.263031,42.239854],[3.247162,42.245714],[3.210134,42.239732],[3.178722,42.249701],[3.170177,42.25967],[3.151622,42.256822],[3.1303,42.239732],[3.118826,42.218329],[3.117442,42.182847],[3.116466,42.158433],[3.122488,42.140489],[3.138601,42.127631],[3.173106,42.112006],[3.192299,42.092921],[3.214496,42.068334],[3.213009,42.055986],[3.19986,42.04619],[3.195896,42.033118],[3.201589,42.017442],[3.20696,41.99669],[3.207856,41.990017],[3.211843,41.984605],[3.230561,41.973009],[3.235688,41.965522],[3.232188,41.946031],[3.207449,41.913926],[3.194916,41.888292],[3.178559,41.87523],[3.150165,41.845351],[3.116829,41.847569],[3.078631,41.826618],[3.069058,41.799076],[3.040341,41.78689],[2.950938,41.73428],[2.932991,41.712464],[2.90087,41.706706],[2.877254,41.701958],[2.851085,41.69717],[2.84018,41.694648],[2.83546,41.692572],[2.82016,41.681952],[2.817068,41.677639],[2.813162,41.670315],[2.803722,41.668647],[2.792003,41.669013],[2.778497,41.645582],[2.651866,41.605292],[2.449474,41.535224],[2.428966,41.518948],[2.371349,41.489203],[2.296723,41.465318],[2.267345,41.448635],[2.240408,41.420966],[2.191905,41.356757],[2.163259,41.326646],[2.130544,41.303656],[2.060313,41.274604],[2.019705,41.265855],[1.951345,41.260688],[1.884125,41.247504],[1.86378,41.238105],[1.854015,41.235989],[1.819835,41.237128],[1.62436,41.192165],[1.539236,41.187445],[1.288097,41.116278],[1.217784,41.104682],[1.210053,41.09988],[1.192475,41.075995],[1.18865,41.068305],[1.183604,41.062567],[1.172944,41.058661],[1.149099,41.069648],[1.141694,41.071723],[1.097667,41.070868],[1.055675,41.064887],[1.017426,41.051785],[0.990408,41.0397],[0.877452,40.954779],[0.822765,40.899604],[0.714203,40.815212],[0.694835,40.785997],[0.721528,40.774278],[0.750173,40.76557],[0.76238,40.766059],[0.767263,40.771023],[0.76352,40.778388],[0.750173,40.785997],[0.766938,40.78502],[0.780528,40.779486],[0.792003,40.771186],[0.815929,40.748399],[0.841807,40.732123],[0.854177,40.73314],[0.873709,40.727932],[0.872406,40.707099],[0.858084,40.686265],[0.848318,40.67536],[0.784028,40.660956],[0.756358,40.642239],[0.707042,40.583401],[0.677094,40.565172],[0.64796,40.556912],[0.615896,40.553453],[0.592459,40.582099],[0.640636,40.586859],[0.663178,40.574734],[0.696218,40.590359],[0.732677,40.633734],[0.712494,40.636176],[0.682221,40.634223],[0.599783,40.613715],[0.58017,40.603664],[0.563487,40.590033],[0.548513,40.572333],[0.517426,40.51435],[0.501313,40.484198],[0.483409,40.465033],[0.466156,40.45067],[0.452647,40.434068],[0.446137,40.408433],[0.420258,40.388251],[0.350597,40.284898],[0.338959,40.274359],[0.312104,40.257514],[0.298839,40.246772],[0.26474,40.209784],[0.205251,40.171536],[0.144542,40.078843],[0.117035,40.056342],[0.066173,40.031928],[0.040497,40.002875],[-0.000294,39.93624],[-0.002919,39.931952],[-0.028676,39.901801],[-0.091298,39.847927],[-0.194488,39.71544],[-0.199818,39.704942],[-0.202138,39.680854],[-0.208933,39.664089],[-0.219838,39.651394],[-0.243723,39.631049],[-0.257436,39.616238],[-0.269561,39.5987],[-0.274892,39.581814],[-0.281484,39.569363],[-0.312734,39.534003],[-0.323354,39.516221],[-0.330593,39.480407],[-0.327472,39.430675],[-0.320668,39.388129],[-0.30134,39.322008],[-0.238701,39.215446],[-0.227818,39.199336],[-0.215493,39.181839],[-0.227857,39.175245],[-0.242182,39.166275],[-0.236505,39.148053],[-0.226703,39.111782],[-0.210027,39.07869],[-0.18404,39.042259],[-0.15803,39.002143],[-0.120676,38.951117],[-0.105946,38.93651],[-0.068593,38.913398],[-0.030995,38.882758],[-0.009755,38.869696],[0.017426,38.864325],[0.06308,38.860785],[0.111013,38.849921],[0.153982,38.831],[0.185313,38.803534],[0.181,38.801907],[0.170909,38.796088],[0.182872,38.791815],[0.190766,38.785224],[0.217865,38.768134],[0.227712,38.770209],[0.23406,38.75788],[0.234548,38.742255],[0.227712,38.734565],[0.208995,38.73371],[0.192068,38.730414],[0.176768,38.724026],[0.162608,38.713528],[0.15089,38.69245],[0.148936,38.689927],[0.14503,38.686347],[0.125743,38.685492],[0.118582,38.682807],[0.105317,38.672553],[0.093679,38.667629],[0.083018,38.660956],[0.073131,38.645209],[0.080577,38.631008],[0.060435,38.634833],[0.046641,38.632229],[0.033376,38.627387],[0.015025,38.624742],[-0.01476,38.624416],[-0.028798,38.620673],[-0.042958,38.611721],[-0.054758,38.595282],[-0.055084,38.580756],[-0.053619,38.566962],[-0.060048,38.55272],[-0.075429,38.539944],[-0.090199,38.535346],[-0.131744,38.535346],[-0.176991,38.527248],[-0.202138,38.519599],[-0.233957,38.501654],[-0.329416,38.470038],[-0.344553,38.461615],[-0.350819,38.450019],[-0.358713,38.44595],[-0.395172,38.413764],[-0.406077,38.398871],[-0.410146,38.37934],[-0.409983,38.368964],[-0.413686,38.364814],[-0.445872,38.36343],[-0.460194,38.360053],[-0.47057,38.351874],[-0.474355,38.336737],[-0.509836,38.338365],[-0.518788,38.298651],[-0.504018,38.207221],[-0.515452,38.195502],[-0.532867,38.192165],[-0.568837,38.1942],[-0.591379,38.189643],[-0.609486,38.178046],[-0.623687,38.162421],[-0.634389,38.145819],[-0.640736,38.131659],[-0.645009,38.116034],[-0.64802,38.073798],[-0.652496,38.007758],[-0.65453,37.989325],[-0.663401,37.980292],[-0.689931,37.972154],[-0.708852,37.956285],[-0.718414,37.94302],[-0.758616,37.863349],[-0.760732,37.847073],[-0.760569,37.845852],[-0.756093,37.806057],[-0.760732,37.796129],[-0.787994,37.822821],[-0.812408,37.770087],[-0.825551,37.761379],[-0.847808,37.75609],[-0.856109,37.742499],[-0.85261,37.723782],[-0.819814,37.676703],[-0.809926,37.666897],[-0.777699,37.650092],[-0.754791,37.641303],[-0.734853,37.63935],[-0.726471,37.651516],[-0.707997,37.643012],[-0.701243,37.631334],[-0.705312,37.619534],[-0.719716,37.610541],[-0.727895,37.60342],[-0.736643,37.599433],[-0.745676,37.599433],[-0.754506,37.604315],[-0.764027,37.599595],[-0.791493,37.591457],[-0.807973,37.588446],[-0.836415,37.576402],[-0.873891,37.576402],[-0.886708,37.574286],[-0.900624,37.569037],[-0.92516,37.555894],[-0.933705,37.561021],[-0.9735,37.576402],[-1.006418,37.581448],[-1.069936,37.582587],[-1.087758,37.580878],[-1.103424,37.576402],[-1.114654,37.568671],[-1.119985,37.559027],[-1.116851,37.549384],[-1.105767,37.532135],[-1.137172,37.538001],[-1.167057,37.543755],[-1.173408,37.555076],[-1.178585,37.563883],[-1.199732,37.566565],[-1.228993,37.576077],[-1.242699,37.579203],[-1.257667,37.567013],[-1.261671,37.557661],[-1.289784,37.558417],[-1.323735,37.561991],[-1.353261,37.549913],[-1.369171,37.541368],[-1.413686,37.506537],[-1.430369,37.498114],[-1.450225,37.494696],[-1.455556,37.492703],[-1.46349,37.487982],[-1.470896,37.482245],[-1.47411,37.477607],[-1.476674,37.472724],[-1.487294,37.439765],[-1.488352,37.433214],[-1.496938,37.427802],[-1.502797,37.429267],[-1.508168,37.432685],[-1.515004,37.433214],[-1.523915,37.428656],[-1.543731,37.414984],[-1.552968,37.412177],[-1.567738,37.409939],[-1.618723,37.392279],[-1.641618,37.381036],[-1.645913,37.369247],[-1.652839,37.361259],[-1.670888,37.363308],[-1.680165,37.354438],[-1.68578,37.336982],[-1.698964,37.316433],[-1.728505,37.282416],[-1.787221,37.235216],[-1.812734,37.207058],[-1.830352,37.166368],[-1.837758,37.131619],[-1.849843,37.104438],[-1.855214,37.076606],[-1.884999,37.015489],[-1.906117,36.987616],[-1.906972,36.975287],[-1.904164,36.966376],[-1.900502,36.958767],[-1.898671,36.950059],[-1.900339,36.941189],[-1.905222,36.935981],[-1.912872,36.933539],[-1.935292,36.932196],[-1.941396,36.929877],[-1.953847,36.919949],[-1.988922,36.900499],[-2.002797,36.88703],[-2.013051,36.845771],[-2.02477,36.833767],[-2.040476,36.824327],[-2.056874,36.810085],[-2.06074,36.802436],[-2.065907,36.783555],[-2.071156,36.775336],[-2.080312,36.770616],[-2.09142,36.768256],[-2.100819,36.765163],[-2.111073,36.746121],[-2.126698,36.736396],[-2.146718,36.729926],[-2.166127,36.727566],[-2.203643,36.737128],[-2.231679,36.760077],[-2.256134,36.78738],[-2.282786,36.810085],[-2.318349,36.827908],[-2.339141,36.834255],[-2.361684,36.836778],[-2.380238,36.833767],[-2.412709,36.820014],[-2.433095,36.81627],[-2.442332,36.818305],[-2.46939,36.827745],[-2.481435,36.829942],[-2.56078,36.818793],[-2.576894,36.811306],[-2.59671,36.773098],[-2.617177,36.72842],[-2.64269,36.707017],[-2.647572,36.704169],[-2.658884,36.69481],[-2.684356,36.685981],[-2.718251,36.682034],[-2.736195,36.687405],[-2.756663,36.680365],[-2.782948,36.694607],[-2.802602,36.707302],[-2.820994,36.713894],[-2.829986,36.711737],[-2.83906,36.702419],[-2.848256,36.700222],[-2.858754,36.704942],[-2.886098,36.734402],[-2.913971,36.750312],[-2.933258,36.751654],[-2.987719,36.737109],[-3.076453,36.749756],[-3.156711,36.744526],[-3.227895,36.754828],[-3.329579,36.7449],[-3.34439,36.736925],[-3.358306,36.725938],[-3.378774,36.713894],[-3.415155,36.695516],[-3.477602,36.696096],[-3.515963,36.721047],[-3.53606,36.718406],[-3.549832,36.712373],[-3.586402,36.726579],[-3.6011,36.74255],[-3.63242,36.74128],[-3.665667,36.73937],[-3.679822,36.728808],[-3.731281,36.724097],[-3.803433,36.742474],[-3.838541,36.75197],[-3.889445,36.743388],[-3.960961,36.726793],[-4.056711,36.747992],[-4.079958,36.743564],[-4.110172,36.725733],[-4.197011,36.715399],[-4.224721,36.712388],[-4.403188,36.723863],[-4.420318,36.719875],[-4.433258,36.710679],[-4.461171,36.671454],[-4.466868,36.663031],[-4.480458,36.65119],[-4.491119,36.636664],[-4.495351,36.620551],[-4.524826,36.580715],[-4.5878,36.573818],[-4.615021,36.530556],[-4.64981,36.512112],[-4.65925,36.507636],[-4.680287,36.5008],[-4.722768,36.492987],[-4.764231,36.493964],[-4.88032,36.505683],[-4.902659,36.506537],[-4.91218,36.504014],[-4.923533,36.496853],[-4.994166,36.457094],[-5.062489,36.452216],[-5.108713,36.429023],[-5.121042,36.425564],[-5.157623,36.421942],[-5.173655,36.417426],[-5.186554,36.4112],[-5.199656,36.397162],[-5.227122,36.357937],[-5.227935,36.348538],[-5.2447,36.312079],[-5.253651,36.297105],[-5.258616,36.292548],[-5.26594,36.287095],[-5.274119,36.282538],[-5.290598,36.277411],[-5.289499,36.269843],[-5.285308,36.26081],[-5.29662,36.247382],[-5.329335,36.198147],[-5.334055,36.187812],[-5.339915,36.129828],[-5.33906,36.123847],[-5.34203,36.1105],[-5.35025,36.119289],[-5.366607,36.163153],[-5.382517,36.172309],[-5.406077,36.179226],[-5.425445,36.179755],[-5.4287,36.169989],[-5.437896,36.161485],[-5.442332,36.14879],[-5.441477,36.134548],[-5.434885,36.121527],[-5.43989,36.114203],[-5.437164,36.0987],[-5.43163,36.088935],[-5.4287,36.080797],[-5.431833,36.069566],[-5.438629,36.062812],[-5.445505,36.05744],[-5.466501,36.050727],[-5.566599,36.021633],[-5.581003,36.013983],[-5.611765,36.006456],[-5.629709,36.03677],[-5.671702,36.055976],[-5.689361,36.067125],[-5.713124,36.059963],[-5.733876,36.06566],[-5.753651,36.075588],[-5.796051,36.085517],[-5.811269,36.096829],[-5.832753,36.122382],[-5.897898,36.173896],[-5.917185,36.184068],[-5.938954,36.183824],[-5.983551,36.176988],[-6.036773,36.189521],[-6.062489,36.217231],[-6.082183,36.250678],[-6.104726,36.280707],[-6.159454,36.304307],[-6.165964,36.318712],[-6.168528,36.335313],[-6.175201,36.353583],[-6.184193,36.370714],[-6.218373,36.402452],[-6.242055,36.446479],[-6.25711,36.476426],[-6.279612,36.511298],[-6.301422,36.525987],[-6.310007,36.534125],[-6.297678,36.538764],[-6.289377,36.537299],[-6.257517,36.51378],[-6.248972,36.504747],[-6.254099,36.496283],[-6.246653,36.48664],[-6.231475,36.472683],[-6.219065,36.474962],[-6.211497,36.480536],[-6.200754,36.493842],[-6.179351,36.513536],[-6.186472,36.514228],[-6.206817,36.508897],[-6.224355,36.51085],[-6.232452,36.52619],[-6.226023,36.556667],[-6.234893,36.575751],[-6.283193,36.612372],[-6.293853,36.616848],[-6.361724,36.620551],[-6.379791,36.624254],[-6.394683,36.636908],[-6.406972,36.676703],[-6.417633,36.69595],[-6.431549,36.714586],[-6.437896,36.733303],[-6.433339,36.751207],[-6.41454,36.767646],[-6.396311,36.775092],[-6.358876,36.785834],[-6.345611,36.794989],[-6.335194,36.818264],[-6.343739,36.859931],[-6.338206,36.883734],[-6.304351,36.907213],[-6.223256,36.90233],[-6.194814,36.932115],[-6.214019,36.921698],[-6.239654,36.913398],[-6.265045,36.912909],[-6.283559,36.92593],[-6.325917,36.912665],[-6.344716,36.901272],[-6.352447,36.880276],[-6.346669,36.819892],[-6.352447,36.80858],[-6.38801,36.808173],[-6.416249,36.837795],[-6.448638,36.904202],[-6.471099,36.935614],[-6.499582,36.959662],[-6.744862,37.101386],[-6.771474,37.112779],[-6.794667,37.117743],[-6.811757,37.123725],[-6.853017,37.151109],[-6.87328,37.158677],[-6.892893,37.166571],[-6.910878,37.188951],[-6.917633,37.215074],[-6.910756,37.227607],[-6.898752,37.235785],[-6.864125,37.277533],[-6.852691,37.295233],[-6.903472,37.249579],[-6.931142,37.233873],[-6.962554,37.233832],[-6.962554,37.227607],[-6.940745,37.20067],[-6.930084,37.183173],[-6.928456,37.172349],[-6.94164,37.171088],[-7.029368,37.205512],[-7.061676,37.213935],[-7.10104,37.224251],[-7.127349,37.214748],[-7.098988,37.2119],[-7.085561,37.206488],[-7.32787,37.201565],[-7.343088,37.196234],[-7.362904,37.181708],[-7.381418,37.179918],[-7.398508,37.185452],[-7.414418,37.192816],[-7.411488,37.187934],[-7.409413,37.183743],[-7.406402,37.180487],[-7.400217,37.178534],[-7.400217,37.172349],[-7.407623,37.164862],[-7.424306,37.175035],[-7.445709,37.179633],[-7.468658,37.180325],[-7.490142,37.178534],[-7.51179,37.17178],[-7.552235,37.149237],[-7.569,37.144436],[-7.627349,37.113959],[-7.635162,37.105414],[-7.78661,37.022691],[-7.819569,36.998725],[-7.834055,36.998928],[-7.849599,37.004381],[-7.870717,37.00788],[-7.932444,37.008531],[-7.949534,37.014106],[-7.958119,37.002631],[-7.968821,37.00373],[-7.981597,37.010077],[-7.9912,37.014106],[-7.981353,37.001695],[-7.978098,36.995347],[-7.976796,36.986762],[-7.999257,37.013251],[-8.035268,37.037502],[-8.106557,37.069281],[-8.147475,37.076531],[-8.179152,37.088099],[-8.212896,37.08691],[-8.293202,37.077704],[-8.327382,37.087388],[-8.365384,37.097999],[-8.395215,37.087139],[-8.438834,37.082734],[-8.482257,37.095754],[-8.484252,37.094164],[-8.537465,37.117825],[-8.580149,37.123969],[-8.62678,37.121161],[-8.641591,37.117743],[-8.654652,37.110297],[-8.686269,37.082953],[-8.74767,37.082953],[-8.759674,37.080268],[-8.785553,37.067206],[-8.798573,37.062486],[-8.81371,37.061591],[-8.837215,37.056588],[-8.859158,37.040798],[-8.878919,37.047209],[-8.896962,37.032782],[-8.9051,37.027737],[-8.915598,37.024604],[-8.935618,37.010972],[-8.946034,37.00788],[-8.961171,37.012397],[-8.972076,37.021186],[-8.9829,37.026597],[-8.997874,37.02147],[-8.991038,37.049506],[-8.985585,37.063381],[-8.980784,37.069281],[-8.941793,37.118706],[-8.92691,37.146145],[-8.913564,37.169908],[-8.922719,37.199652],[-8.904652,37.213202],[-8.881365,37.23248],[-8.86709,37.276725],[-8.874919,37.294119],[-8.882768,37.309931],[-8.866676,37.335154],[-8.838657,37.360318],[-8.833363,37.384589],[-8.815989,37.417914],[-8.804064,37.462787],[-8.797861,37.4896],[-8.795497,37.535362],[-8.801305,37.559065],[-8.811144,37.574897],[-8.824371,37.587551],[-8.826527,37.600572],[-8.812856,37.64468],[-8.808258,37.672024],[-8.799306,37.697577],[-8.786206,37.702615],[-8.757639,37.706732],[-8.752187,37.73078],[-8.752187,37.734565],[-8.76183,37.727769],[-8.784056,37.723129],[-8.808705,37.722886],[-8.817006,37.740302],[-8.809582,37.791231],[-8.797182,37.844873],[-8.798956,37.878093],[-8.804815,37.901873],[-8.820669,37.927267],[-8.853871,37.932278],[-8.894846,37.952541],[-8.890045,37.960924],[-8.883168,37.964504],[-8.875396,37.967353],[-8.867502,37.973619],[-8.815683,38.062115],[-8.796993,38.133246],[-8.774396,38.186949],[-8.777952,38.240691],[-8.785466,38.303908],[-8.795071,38.359227],[-8.820941,38.398821],[-8.846791,38.420071],[-8.878285,38.449164],[-8.914662,38.472846],[-8.942616,38.481391],[-8.927317,38.493801],[-8.90453,38.486396],[-8.867502,38.460883],[-8.821848,38.448554],[-8.80016,38.439114],[-8.798573,38.426093],[-8.756988,38.427314],[-8.65689,38.405951],[-8.606801,38.418687],[-8.63683,38.420152],[-8.66275,38.424506],[-8.736155,38.45185],[-8.745025,38.460273],[-8.750803,38.473944],[-8.752512,38.487982],[-8.750885,38.500637],[-8.745758,38.510077],[-8.737172,38.514879],[-8.737172,38.522366],[-8.751454,38.526435],[-8.76122,38.538072],[-8.764231,38.552069],[-8.757639,38.5633],[-8.773346,38.565334],[-8.792958,38.533596],[-8.812856,38.528551],[-8.812856,38.522366],[-8.790639,38.519924],[-8.780263,38.505439],[-8.780019,38.489081],[-8.788401,38.481391],[-8.812327,38.482856],[-8.832265,38.487047],[-8.867502,38.501858],[-8.905832,38.512397],[-8.95489,38.505144],[-8.999765,38.464253],[-8.991864,38.459478],[-9.048595,38.440671],[-9.145657,38.431383],[-9.165909,38.425089],[-9.182141,38.415624],[-9.200357,38.412481],[-9.226186,38.418402],[-9.230621,38.418687],[-9.233998,38.424221],[-9.233754,38.431464],[-9.231068,38.43769],[-9.227203,38.440375],[-9.21996,38.449042],[-9.190027,38.472532],[-9.183868,38.504128],[-9.183793,38.551537],[-9.20807,38.597417],[-9.238464,38.635412],[-9.252675,38.665484],[-9.234395,38.673361],[-9.187681,38.67801],[-9.145042,38.681068],[-9.124135,38.670966],[-9.113922,38.658881],[-9.107737,38.658881],[-9.113922,38.679389],[-9.098866,38.685614],[-9.067291,38.692328],[-9.052398,38.693671],[-9.052398,38.699897],[-9.037434,38.713941],[-9.021168,38.72653],[-8.992709,38.743814],[-8.956858,38.768134],[-8.952952,38.77025],[-8.947133,38.774237],[-8.942616,38.77558],[-8.942616,38.781724],[-8.952626,38.794908],[-8.964263,38.814846],[-8.970286,38.835435],[-8.963124,38.850653],[-8.986318,38.849433],[-8.996816,38.865546],[-9.002594,38.889838],[-9.011545,38.913398],[-8.969106,38.983954],[-8.943227,39.015204],[-8.908437,39.036282],[-8.888417,39.040107],[-8.84553,39.042914],[-8.826527,39.049262],[-8.790354,39.070624],[-8.774648,39.083441],[-8.765126,39.097724],[-8.791737,39.082424],[-8.836415,39.056708],[-8.922719,39.049262],[-8.935862,39.040717],[-8.955068,39.012193],[-9.003529,38.95775],[-9.058909,38.871405],[-9.08967,38.843573],[-9.10025,38.830227],[-9.106557,38.813788],[-9.104217,38.794816],[-9.102257,38.761593],[-9.098248,38.737858],[-9.112503,38.714182],[-9.163287,38.701672],[-9.220171,38.693895],[-9.285209,38.698758],[-9.303485,38.687705],[-9.321777,38.670325],[-9.360585,38.689521],[-9.404775,38.704088],[-9.429189,38.707261],[-9.471669,38.70246],[-9.491689,38.707587],[-9.491282,38.727729],[-9.484731,38.744696],[-9.497467,38.788235],[-9.497467,38.80976],[-9.491933,38.819241],[-9.479888,38.830756],[-9.455496,38.850469],[-9.422725,38.931404],[-9.425364,38.991645],[-9.436635,39.029486],[-9.426647,39.051724],[-9.422549,39.078625],[-9.383696,39.134032],[-9.371418,39.16092],[-9.35086,39.197309],[-9.346781,39.235226],[-9.34059,39.26683],[-9.354075,39.31623],[-9.365834,39.336005],[-9.401763,39.36522],[-9.409291,39.37519],[-9.397817,39.377997],[-9.352922,39.367934],[-9.279245,39.405822],[-9.260803,39.418442],[-9.240315,39.419997],[-9.227895,39.408433],[-9.2176,39.406195],[-9.205922,39.415473],[-9.213531,39.428616],[-9.229888,39.440741],[-9.213649,39.461035],[-9.191085,39.481536],[-9.182873,39.492584],[-9.164413,39.502024],[-9.135694,39.51618],[-9.1213,39.535105],[-9.111009,39.550879],[-9.090434,39.579275],[-9.088341,39.596662],[-9.090343,39.615641],[-9.077947,39.642479],[-9.071692,39.680437],[-8.993031,39.843166],[-8.868153,40.124823],[-8.853261,40.139228],[-8.841624,40.125963],[-8.825063,40.120063],[-8.784983,40.11872],[-8.784983,40.126166],[-8.801096,40.137926],[-8.816151,40.146552],[-8.833608,40.151679],[-8.879384,40.156236],[-8.896474,40.16474],[-8.906606,40.179389],[-8.908437,40.20067],[-8.895741,40.228746],[-8.865387,40.275458],[-8.798573,40.474433],[-8.784855,40.536818],[-8.765788,40.582541],[-8.753,40.640815],[-8.750356,40.643948],[-8.744618,40.646918],[-8.743967,40.6258],[-8.744618,40.619045],[-8.72468,40.644517],[-8.710276,40.653469],[-8.696156,40.646918],[-8.690012,40.646918],[-8.690012,40.653144],[-8.692372,40.655707],[-8.696401,40.661322],[-8.698801,40.667955],[-8.696156,40.673651],[-8.686391,40.677924],[-8.680776,40.674994],[-8.676869,40.669664],[-8.671986,40.666815],[-8.662099,40.669867],[-8.653635,40.677191],[-8.641591,40.694159],[-8.65746,40.701402],[-8.666331,40.713202],[-8.663645,40.724066],[-8.644928,40.728909],[-8.621816,40.730658],[-8.603871,40.735785],[-8.588368,40.744208],[-8.572662,40.755561],[-8.589508,40.754706],[-8.614735,40.74494],[-8.635976,40.741604],[-8.639882,40.740058],[-8.645375,40.739732],[-8.668446,40.747463],[-8.675689,40.755561],[-8.683705,40.783108],[-8.645579,40.823676],[-8.655263,40.844916],[-8.656972,40.828559],[-8.663197,40.814927],[-8.670522,40.811184],[-8.675689,40.824449],[-8.689809,40.804104],[-8.700551,40.777981],[-8.707387,40.750312],[-8.709828,40.725165],[-8.714263,40.709052],[-8.725087,40.685981],[-8.738433,40.664496],[-8.750803,40.653144],[-8.6551,40.993801],[-8.655263,41.030504],[-8.667104,41.097561],[-8.666127,41.132758],[-8.648346,41.146633],[-8.648346,41.152777],[-8.68578,41.159491],[-8.70519,41.186916],[-8.718373,41.221503],[-8.737172,41.249661],[-8.732289,41.262926],[-8.734609,41.274075],[-8.740061,41.28498],[-8.744618,41.297431],[-8.744456,41.328111],[-8.749135,41.337795],[-8.756132,41.34054],[-8.760325,41.350898],[-8.764027,41.361314],[-8.778147,41.37934],[-8.783803,41.393866],[-8.783773,41.406109],[-8.785564,41.434878],[-8.774849,41.468338],[-8.78647,41.491067],[-8.78826,41.511798],[-8.792733,41.525838],[-8.79542,41.542553],[-8.808339,41.572943],[-8.812856,41.595404],[-8.819488,41.611884],[-8.820449,41.630097],[-8.828603,41.648157],[-8.830511,41.671586],[-8.827056,41.682807],[-8.804677,41.689276],[-8.743276,41.696967],[-8.725942,41.703111],[-8.710032,41.711859],[-8.696156,41.721991],[-8.806874,41.696967],[-8.829986,41.694648],[-8.842885,41.695787],[-8.861113,41.704368],[-8.880306,41.736862],[-8.880317,41.765533],[-8.872039,41.810569],[-8.878896,41.839016],[-8.874745,41.849555],[-8.867502,41.859117],[-8.79662,41.903306],[-8.762766,41.931952],[-8.750803,41.96898],[-8.761952,41.952582],[-8.777089,41.937161],[-8.7954,41.925686],[-8.815989,41.92121],[-8.832834,41.913967],[-8.848785,41.899482],[-8.864654,41.888902],[-8.881256,41.893297],[-8.878733,41.907131],[-8.89859,42.101752],[-8.895497,42.119086],[-8.884592,42.126044],[-8.84496,42.126614],[-8.826527,42.13052],[-8.819081,42.139716],[-8.82372,42.14761],[-8.842763,42.154446],[-8.846995,42.160834],[-8.84203,42.164293],[-8.815989,42.174506],[-8.813466,42.178697],[-8.811025,42.188137],[-8.805776,42.197496],[-8.795237,42.201728],[-8.790639,42.204535],[-8.771962,42.222235],[-8.719553,42.252346],[-8.706451,42.256415],[-8.701894,42.258531],[-8.669911,42.280911],[-8.652008,42.286322],[-8.631744,42.29682],[-8.625152,42.301947],[-8.621653,42.310207],[-8.621653,42.340806],[-8.622711,42.34748],[-8.626454,42.348334],[-8.634755,42.346381],[-8.649892,42.335598],[-8.660756,42.316799],[-8.674794,42.299018],[-8.699574,42.291164],[-8.719838,42.287584],[-8.773915,42.268988],[-8.784983,42.260077],[-8.795766,42.258246],[-8.848297,42.260972],[-8.867502,42.256415],[-8.863637,42.268988],[-8.853424,42.291083],[-8.853261,42.304836],[-8.846995,42.304836],[-8.832997,42.28913],[-8.827219,42.296698],[-8.826527,42.329047],[-8.828521,42.337226],[-8.830719,42.34162],[-8.82726,42.344143],[-8.812856,42.346381],[-8.776926,42.340155],[-8.771962,42.342719],[-8.764638,42.355699],[-8.726877,42.388739],[-8.709828,42.400377],[-8.676869,42.416449],[-8.662506,42.426907],[-8.655263,42.441352],[-8.664377,42.437974],[-8.672515,42.438422],[-8.682525,42.441352],[-8.691274,42.440619],[-8.694488,42.439643],[-8.696767,42.437974],[-8.718821,42.427965],[-8.743642,42.413235],[-8.757639,42.407213],[-8.779368,42.402899],[-8.811025,42.400702],[-8.843577,42.403713],[-8.867502,42.4147],[-8.875722,42.425971],[-8.880238,42.445014],[-8.88801,42.455634],[-8.90095,42.461005],[-8.935455,42.465399],[-8.942616,42.469306],[-8.935048,42.479071],[-8.916737,42.487616],[-8.895985,42.493883],[-8.881256,42.496568],[-8.869008,42.493394],[-8.860829,42.485012],[-8.861155,42.475572],[-8.874338,42.469306],[-8.865549,42.465033],[-8.851552,42.460761],[-8.836985,42.45893],[-8.826527,42.461859],[-8.822499,42.472357],[-8.825185,42.484117],[-8.825063,42.49494],[-8.812856,42.502753],[-8.825185,42.537421],[-8.826527,42.554633],[-8.822987,42.569525],[-8.813832,42.581448],[-8.801584,42.589301],[-8.788401,42.59219],[-8.775502,42.604722],[-8.738759,42.666083],[-8.730946,42.688422],[-8.737172,42.688422],[-8.744049,42.672431],[-8.753896,42.656887],[-8.767323,42.645168],[-8.784983,42.64057],[-8.803822,42.645941],[-8.815989,42.658515],[-8.826243,42.67414],[-8.839508,42.68244],[-8.854604,42.661566],[-8.857004,42.649115],[-8.846995,42.64057],[-8.868764,42.617499],[-8.880523,42.611802],[-8.894846,42.620103],[-8.889475,42.630601],[-8.903432,42.625474],[-8.936391,42.606431],[-8.922231,42.593695],[-8.93399,42.586819],[-8.969879,42.579169],[-8.972768,42.57392],[-8.980784,42.551215],[-8.989166,42.548896],[-8.99706,42.543402],[-9.011545,42.530707],[-9.026357,42.543118],[-9.028554,42.561469],[-9.033355,42.578111],[-9.055816,42.585395],[-9.070872,42.596137],[-9.065745,42.620307],[-9.051422,42.645941],[-9.038808,42.661078],[-9.039459,42.673041],[-9.036285,42.687934],[-9.030141,42.707709],[-9.018788,42.719753],[-9.014027,42.726833],[-9.006256,42.733832],[-8.994496,42.737006],[-8.992014,42.739081],[-8.963124,42.751288],[-8.937367,42.777777],[-8.922231,42.788113],[-8.898264,42.792304],[-8.891347,42.799343],[-8.884918,42.815009],[-8.887685,42.831122],[-8.908437,42.839464],[-8.912587,42.816596],[-8.92809,42.802517],[-8.951039,42.795111],[-8.977366,42.792304],[-9.028188,42.797878],[-9.04894,42.794745],[-9.045644,42.778022],[-9.068674,42.759711],[-9.081288,42.754828],[-9.10025,42.757514],[-9.113433,42.766059],[-9.120107,42.778998],[-9.125478,42.794989],[-9.134999,42.812771],[-9.122548,42.812608],[-9.113189,42.816352],[-9.106191,42.82331],[-9.10025,42.833279],[-9.108388,42.844835],[-9.122222,42.851752],[-9.141225,42.857449],[-9.142323,42.865302],[-9.147532,42.878607],[-9.148671,42.884467],[-9.146637,42.888373],[-9.137522,42.896064],[-9.134999,42.902167],[-9.133697,42.9112],[-9.134511,42.917548],[-9.141428,42.921413],[-9.158599,42.922634],[-9.167877,42.926825],[-9.183461,42.945258],[-9.195872,42.949327],[-9.195872,42.943142],[-9.190012,42.9324],[-9.19579,42.926581],[-9.20519,42.92475],[-9.210072,42.925727],[-9.214345,42.939032],[-9.224233,42.940212],[-9.235585,42.934882],[-9.244252,42.928778],[-9.251698,42.920233],[-9.261708,42.900173],[-9.268422,42.891303],[-9.273061,42.893337],[-9.282948,42.916612],[-9.291982,42.922634],[-9.291982,42.928778],[-9.28539,42.938341],[-9.26476,42.980333],[-9.263987,42.986518],[-9.26183,42.994493],[-9.258656,43.002387],[-9.254791,43.008002],[-9.250966,43.016791],[-9.257314,43.023261],[-9.272125,43.031277],[-9.27953,43.054999],[-9.271108,43.060492],[-9.257924,43.060899],[-9.251088,43.06977],[-9.245717,43.087999],[-9.233957,43.096503],[-9.22232,43.102729],[-9.2176,43.114447],[-9.202952,43.105048],[-9.189809,43.102322],[-9.176829,43.105577],[-9.162262,43.114447],[-9.15689,43.119737],[-9.154205,43.124701],[-9.150299,43.129584],[-9.141225,43.134874],[-9.133127,43.137966],[-9.125803,43.139594],[-9.107737,43.14114],[-9.107737,43.148505],[-9.124664,43.142524],[-9.147084,43.138699],[-9.163319,43.139757],[-9.162262,43.148505],[-9.194203,43.136542],[-9.208363,43.137885],[-9.2176,43.155341],[-9.170074,43.188747],[-9.137929,43.201524],[-9.100413,43.189521],[-9.08316,43.189765],[-9.065175,43.192328],[-9.052398,43.196357],[-9.039784,43.204535],[-9.026967,43.21015],[-9.016754,43.223863],[-9.011545,43.238756],[-9.004058,43.238756],[-8.985748,43.226874],[-8.958974,43.227484],[-8.932525,43.235297],[-8.915273,43.245022],[-8.936391,43.244086],[-8.94815,43.249945],[-8.963124,43.272284],[-8.967519,43.271959],[-8.979807,43.276923],[-8.988026,43.283026],[-8.980784,43.285956],[-8.970855,43.286566],[-8.930491,43.29975],[-8.88801,43.320746],[-8.856597,43.32689],[-8.84911,43.334052],[-8.841176,43.338935],[-8.829986,43.341213],[-8.817006,43.335842],[-8.785553,43.312445],[-8.768544,43.307074],[-8.750478,43.304918],[-8.711741,43.295559],[-8.693105,43.293402],[-8.665395,43.301174],[-8.630035,43.315863],[-8.592519,43.324205],[-8.55842,43.313218],[-8.505971,43.331529],[-8.497548,43.337795],[-8.494252,43.346625],[-8.486073,43.354315],[-8.475982,43.359687],[-8.455719,43.363349],[-8.451405,43.367377],[-8.448964,43.371975],[-8.443023,43.375312],[-8.388295,43.385891],[-8.384674,43.372707],[-8.375722,43.362982],[-8.353586,43.348619],[-8.34081,43.359931],[-8.33727,43.369045],[-8.339915,43.392727],[-8.330719,43.405666],[-8.310618,43.403144],[-8.281565,43.389594],[-8.267201,43.385932],[-8.260813,43.377021],[-8.257069,43.365668],[-8.250559,43.354885],[-8.227528,43.338121],[-8.217275,43.328315],[-8.210194,43.313218],[-8.202463,43.32925],[-8.202952,43.344672],[-8.210194,43.375312],[-8.209625,43.390692],[-8.204823,43.399726],[-8.193959,43.406806],[-8.175404,43.416327],[-8.195058,43.423245],[-8.213287,43.424954],[-8.247141,43.423082],[-8.26476,43.427314],[-8.288726,43.446234],[-8.305165,43.451077],[-8.286488,43.461982],[-8.185618,43.471503],[-8.178782,43.473293],[-8.171457,43.477973],[-8.166982,43.484565],[-8.168568,43.492011],[-8.173451,43.492743],[-8.196523,43.485175],[-8.257314,43.477729],[-8.253651,43.481269],[-8.250885,43.482856],[-8.243723,43.485175],[-8.247548,43.487738],[-8.257314,43.492011],[-8.269195,43.478949],[-8.288971,43.472968],[-8.333119,43.471503],[-8.325347,43.486762],[-8.321685,43.50788],[-8.31664,43.522895],[-8.305165,43.519355],[-8.292104,43.532945],[-8.30016,43.538235],[-8.308217,43.546332],[-8.313222,43.556342],[-8.312652,43.567125],[-8.308705,43.567125],[-8.291331,43.564846],[-8.284657,43.567125],[-8.260976,43.564521],[-8.232249,43.575507],[-8.086659,43.65648],[-8.082997,43.645453],[-8.074615,43.639635],[-8.063547,43.638861],[-8.051869,43.642808],[-8.062408,43.64232],[-8.065541,43.642808],[-8.065541,43.649075],[-8.061269,43.650946],[-8.056467,43.654242],[-8.051869,43.65648],[-8.071156,43.667873],[-8.073964,43.678534],[-8.069163,43.689276],[-8.065541,43.700873],[-8.059316,43.709418],[-8.044504,43.712104],[-8.010976,43.711737],[-7.981191,43.717841],[-7.952952,43.730129],[-7.928131,43.746772],[-7.908559,43.766343],[-7.880849,43.763251],[-7.869049,43.748847],[-7.86148,43.731187],[-7.846506,43.717963],[-7.846506,43.711737],[-7.852284,43.714179],[-7.862294,43.716254],[-7.867584,43.717963],[-7.874623,43.709418],[-7.879262,43.700507],[-7.879791,43.691962],[-7.873769,43.684475],[-7.884104,43.678616],[-7.887318,43.679674],[-7.894887,43.684475],[-7.901235,43.679755],[-7.903879,43.67829],[-7.908559,43.676988],[-7.908559,43.670152],[-7.858388,43.668199],[-7.849233,43.675605],[-7.867584,43.697455],[-7.856028,43.703437],[-7.843861,43.703803],[-7.819163,43.697455],[-7.821401,43.700751],[-7.823964,43.708075],[-7.826039,43.711737],[-7.812001,43.72309],[-7.793853,43.734117],[-7.773793,43.74258],[-7.734039,43.750067],[-7.712758,43.760688],[-7.695709,43.774888],[-7.688832,43.789984],[-7.685536,43.793443],[-7.678334,43.790473],[-7.671295,43.782864],[-7.668324,43.772528],[-7.672597,43.766669],[-7.695627,43.745917],[-7.696156,43.731513],[-7.691558,43.72724],[-7.68399,43.728705],[-7.67516,43.731635],[-7.673573,43.734361],[-7.674143,43.739203],[-7.672475,43.743842],[-7.664622,43.745917],[-7.65803,43.746527],[-7.641021,43.752672],[-7.637603,43.739081],[-7.613026,43.704291],[-7.615956,43.688544],[-7.607167,43.691107],[-7.594594,43.703681],[-7.586415,43.717963],[-7.57429,43.714545],[-7.565419,43.719794],[-7.555776,43.727607],[-7.541412,43.731635],[-7.502024,43.728339],[-7.490142,43.725328],[-7.407623,43.69123],[-7.367055,43.68008],[-7.304107,43.598578],[-7.256744,43.58161],[-7.260162,43.577501],[-7.262278,43.574286],[-7.265126,43.571479],[-7.271067,43.56863],[-7.271067,43.561143],[-7.257721,43.556667],[-7.249623,43.559394],[-7.242014,43.564805],[-7.230092,43.56863],[-7.215443,43.568671],[-7.194895,43.563503],[-7.156972,43.559272],[-7.095855,43.560981],[-7.079335,43.56863],[-7.061594,43.561591],[-7.044301,43.559394],[-7.032338,43.553005],[-7.030873,43.53323],[-7.03775,43.522244],[-7.048411,43.510443],[-7.053619,43.496527],[-7.044586,43.479193],[-7.043853,43.479193],[-7.038319,43.479193],[-7.032704,43.495469],[-7.02953,43.512152],[-7.023752,43.525824],[-7.010365,43.53323],[-7.001373,43.556667],[-6.943959,43.565985],[-6.845937,43.56863],[-6.830719,43.565131],[-6.770823,43.56863],[-6.729644,43.55976],[-6.703725,43.557563],[-6.648671,43.579047],[-6.597727,43.575222],[-6.54662,43.561835],[-6.510121,43.547471],[-6.499664,43.553087],[-6.488271,43.555121],[-6.462961,43.554958],[-6.464752,43.559678],[-6.467275,43.570868],[-6.469106,43.575385],[-6.455312,43.57335],[-6.431793,43.563422],[-6.417633,43.561143],[-6.366119,43.56863],[-6.314605,43.56863],[-6.300038,43.570624],[-6.273915,43.579617],[-6.249989,43.584052],[-6.243886,43.589301],[-6.236399,43.594306],[-6.222768,43.595893],[-6.190989,43.578559],[-6.178049,43.575385],[-6.100413,43.5692],[-6.08495,43.575385],[-6.069163,43.569688],[-6.054189,43.574571],[-6.039215,43.583116],[-6.023508,43.588446],[-5.907379,43.588446],[-5.90217,43.59752],[-5.908844,43.604926],[-5.913075,43.61286],[-5.900624,43.623236],[-5.902577,43.626492],[-5.905344,43.633816],[-5.907379,43.636827],[-5.875152,43.636786],[-5.863515,43.641425],[-5.859039,43.653632],[-5.852203,43.66295],[-5.836334,43.662218],[-5.803822,43.650499],[-5.782338,43.63703],[-5.727406,43.589545],[-5.708852,43.56863],[-5.701975,43.56863],[-5.696767,43.582831],[-5.689198,43.578559],[-5.67748,43.561143],[-5.6256,43.554958],[-5.424224,43.561143],[-5.39387,43.555243],[-5.390736,43.541327],[-5.403554,43.525417],[-5.420806,43.513373],[-5.41393,43.506537],[-5.403676,43.511094],[-5.382639,43.516384],[-5.372426,43.520209],[-5.365102,43.526719],[-5.362213,43.533393],[-5.356801,43.538601],[-5.341949,43.540635],[-5.299875,43.537665],[-5.284006,43.533474],[-5.211903,43.498358],[-5.177887,43.489366],[-5.091664,43.486274],[-5.067698,43.481391],[-5.057037,43.468614],[-5.045033,43.474311],[-4.975168,43.458767],[-4.967112,43.460883],[-4.952545,43.470079],[-4.941029,43.471747],[-4.930247,43.469509],[-4.907623,43.460639],[-4.836537,43.449774],[-4.754994,43.421658],[-4.734934,43.4171],[-4.512318,43.402737],[-4.508168,43.402452],[-4.481679,43.383612],[-4.460805,43.398708],[-4.432525,43.402615],[-4.404897,43.396999],[-4.385569,43.383612],[-4.379262,43.383612],[-4.368764,43.396186],[-4.359364,43.399685],[-4.312815,43.395779],[-4.188588,43.405382],[-4.160959,43.421169],[-4.097727,43.435614],[-4.073964,43.438259],[-4.029205,43.438259],[-4.023427,43.440945],[-4.022572,43.445746],[-4.020904,43.450385],[-4.012766,43.452501],[-4.005686,43.450792],[-3.981435,43.438259],[-3.976471,43.442939],[-3.971995,43.444159],[-3.967152,43.4442],[-3.961008,43.445095],[-3.965443,43.446845],[-3.974599,43.452501],[-3.974599,43.458767],[-3.940053,43.477118],[-3.922719,43.482611],[-3.906321,43.479193],[-3.893788,43.48489],[-3.890859,43.48371],[-3.885854,43.479193],[-3.856801,43.492377],[-3.826731,43.497016],[-3.797027,43.492743],[-3.769154,43.479193],[-3.812652,43.464871],[-3.830963,43.456],[-3.844309,43.445095],[-3.833852,43.435899],[-3.829254,43.433132],[-3.823842,43.430772],[-3.82726,43.43004],[-3.829986,43.430121],[-3.831532,43.429063],[-3.831288,43.424587],[-3.820221,43.424262],[-3.811187,43.425482],[-3.796498,43.430772],[-3.78954,43.435858],[-3.776194,43.449652],[-3.772288,43.452501],[-3.763499,43.450263],[-3.75414,43.440497],[-3.744985,43.438259],[-3.740712,43.442328],[-3.743031,43.451361],[-3.748891,43.46072],[-3.755523,43.465522],[-3.755523,43.471747],[-3.741526,43.470242],[-3.735748,43.468817],[-3.728871,43.465522],[-3.727162,43.470526],[-3.725819,43.470526],[-3.721425,43.471747],[-3.728871,43.479193],[-3.717926,43.482733],[-3.688385,43.484239],[-3.676991,43.489447],[-3.667063,43.496649],[-3.656077,43.500678],[-3.579416,43.518256],[-3.554351,43.516913],[-3.556264,43.499701],[-3.539052,43.498969],[-3.525624,43.491645],[-3.514719,43.483222],[-3.50536,43.479193],[-3.436635,43.470486],[-3.431508,43.466864],[-3.428293,43.461737],[-3.427154,43.455634],[-3.428619,43.446845],[-3.432607,43.445421],[-3.438873,43.44656],[-3.447011,43.445095],[-3.451161,43.447699],[-3.460601,43.452216],[-3.470041,43.454169],[-3.474355,43.448798],[-3.477773,43.443061],[-3.485829,43.437567],[-3.501698,43.430772],[-3.481801,43.428046],[-3.470448,43.416775],[-3.46109,43.412462],[-3.447011,43.430772],[-3.436187,43.419013],[-3.422231,43.418077],[-3.392486,43.424587],[-3.378041,43.422553],[-3.330312,43.410346],[-3.268951,43.40412],[-3.223541,43.391628],[-3.21052,43.389838],[-3.200022,43.385525],[-3.17691,43.366238],[-3.150868,43.360216],[-3.1315,43.35578],[-3.112375,43.354071],[-3.089508,43.366889],[-3.057851,43.352362],[-3.008168,43.320909],[-3.008168,43.328437],[-3.020009,43.352566],[-3.023427,43.364936],[-3.029286,43.372138],[-3.029286,43.376166],[-3.024322,43.380927],[-3.010976,43.384141],[-2.99942,43.394355],[-2.955922,43.413845],[-2.939931,43.4171],[-2.939931,43.424587],[-2.946685,43.424587],[-2.946685,43.430772],[-2.930084,43.437934],[-2.905263,43.439887],[-2.854237,43.438259],[-2.806996,43.441677],[-2.785959,43.447862],[-2.768625,43.452501],[-2.755849,43.450263],[-2.734934,43.438788],[-2.715199,43.424506],[-2.706532,43.413682],[-2.694936,43.388617],[-2.691029,43.36754],[-2.687001,43.371446],[-2.67927,43.389838],[-2.678456,43.394639],[-2.678782,43.40058],[-2.677805,43.406195],[-2.672963,43.410346],[-2.661204,43.411933],[-2.649322,43.409532],[-2.638092,43.405951],[-2.606923,43.401882],[-2.548899,43.383612],[-2.506012,43.377143],[-2.48351,43.370632],[-2.464426,43.349229],[-2.367421,43.315701],[-2.327056,43.30683],[-2.284657,43.303494],[-2.241119,43.307237],[-2.207875,43.313992],[-2.196278,43.314765],[-2.190419,43.311591],[-2.183461,43.304511],[-2.174469,43.297431],[-2.162221,43.294257],[-2.159576,43.295356],[-2.156321,43.297675],[-2.151519,43.299994],[-2.144846,43.301093],[-2.140045,43.298896],[-2.137807,43.294216],[-2.134836,43.289578],[-2.127797,43.287421],[-2.098866,43.304145],[-2.086415,43.307237],[-2.065541,43.309597],[-1.994618,43.328437],[-1.971791,43.339219],[-1.960357,43.343085],[-1.945627,43.342637],[-1.933705,43.335639],[-1.926584,43.325873],[-1.918691,43.32099],[-1.904652,43.328437],[-1.910227,43.331366],[-1.918853,43.338568],[-1.925689,43.342637],[-1.884918,43.356024],[-1.847401,43.380927],[-1.811269,43.395087],[-1.791371,43.384589],[-1.790761,43.384263],[-1.775502,43.376166],[-1.767974,43.383612],[-1.749623,43.389228],[-1.661,43.399685],[-1.637807,43.423774],[-1.615468,43.432563],[-1.59675,43.442532],[-1.588043,43.451158],[-1.566396,43.482164],[-1.562082,43.493394],[-1.553334,43.50137],[-1.513987,43.538642],[-1.506337,43.550116],[-1.476877,43.580064],[-1.470041,43.611518],[-1.445953,43.668443],[-1.404937,43.832343],[-1.381174,43.889594],[-1.347595,44.013664],[-1.346099,44.019192],[-1.281565,44.302191],[-1.25414,44.44245],[-1.247304,44.504543],[-1.249745,44.519232],[-1.25829,44.547553],[-1.257232,44.556057],[-1.230784,44.583564],[-1.226877,44.589911],[-1.224192,44.601996],[-1.206288,44.647895],[-1.186513,44.665473],[-1.161448,44.666164],[-1.100209,44.655341],[-1.065012,44.659125],[-1.044749,44.66942],[-1.044423,44.684638],[-1.069163,44.703192],[-1.055491,44.703192],[-1.065297,44.717475],[-1.140859,44.768134],[-1.151723,44.77143],[-1.156402,44.773424],[-1.160634,44.776516],[-1.165354,44.778713],[-1.172231,44.778266],[-1.176503,44.775214],[-1.178456,44.770901],[-1.179758,44.766913],[-1.182118,44.765204],[-1.188588,44.755845],[-1.233632,44.706855],[-1.244944,44.662746],[-1.253814,44.638658],[-1.260365,44.627427],[-1.199452,45.120836],[-1.157867,45.27912],[-1.139963,45.490058],[-1.133697,45.504828],[-1.099599,45.553534],[-1.085276,45.569037],[-1.069163,45.57331],[-1.058583,45.569648],[-1.056223,45.565131],[-1.056752,45.557603],[-1.057362,45.546332],[-1.06017,45.543036],[-1.062327,45.537746],[-1.062327,45.532416],[-1.059234,45.527045],[-1.048695,45.515041],[-1.039947,45.50727],[-0.972971,45.470526],[-0.930776,45.453803],[-0.915273,45.450426],[-0.794179,45.355414],[-0.766184,45.326077],[-0.754506,45.295885],[-0.751943,45.275946],[-0.738678,45.238715],[-0.720041,45.145941],[-0.715972,45.134508],[-0.6822,45.076483],[-0.648183,45.044908],[-0.609853,45.018459],[-0.577789,45.005072],[-0.568959,44.997992],[-0.560699,44.985419],[-0.559193,44.976142],[-0.562082,44.96015],[-0.560862,44.939276],[-0.556508,44.918524],[-0.548166,44.902289],[-0.534657,44.894965],[-0.538645,44.908759],[-0.542388,44.937201],[-0.548451,44.94953],[-0.538971,44.976508],[-0.550364,44.998196],[-0.572581,45.014309],[-0.596181,45.024644],[-0.565297,45.023586],[-0.539418,45.019517],[-0.516428,45.011379],[-0.493764,44.997992],[-0.518951,45.029446],[-0.558746,45.043443],[-0.602162,45.053453],[-0.637766,45.073065],[-0.655995,45.099107],[-0.668691,45.130805],[-0.706654,45.322414],[-0.719716,45.36107],[-0.753041,45.424058],[-0.773101,45.452094],[-0.795481,45.477118],[-0.841786,45.514553],[-0.98351,45.586982],[-0.986887,45.591254],[-0.990875,45.610053],[-0.997222,45.614325],[-1.030263,45.62287],[-1.083811,45.660386],[-1.113922,45.668931],[-1.132802,45.671698],[-1.149322,45.6789],[-1.163442,45.688951],[-1.175608,45.700263],[-1.194203,45.710191],[-1.22936,45.704779],[-1.247304,45.709906],[-1.230133,45.779608],[-1.230295,45.792426],[-1.163808,45.806708],[-1.144276,45.806098],[-1.080556,45.753404],[-1.069163,45.748114],[-1.05724,45.74022],[-0.987172,45.717353],[-1.009633,45.735175],[-1.099477,45.786038],[-1.125356,45.807685],[-1.130686,45.816718],[-1.132151,45.828315],[-1.136586,45.843248],[-1.143219,45.857733],[-1.151723,45.86815],[-1.140614,45.872301],[-1.133656,45.878241],[-1.128529,45.884223],[-1.123769,45.888658],[-1.112538,45.895657],[-1.097035,45.902289],[-1.087758,45.903225],[-1.079742,45.902004],[-1.073354,45.904364],[-1.069163,45.915961],[-1.070424,45.926337],[-1.076324,45.936713],[-1.083485,45.94538],[-1.089752,45.950751],[-1.084218,45.953925],[-1.074208,45.961575],[-1.069163,45.964342],[-1.085561,45.971991],[-1.096588,45.985419],[-1.110748,46.018378],[-1.089752,46.008205],[-1.072987,46.007473],[-1.059722,46.015774],[-1.048695,46.03266],[-1.048695,46.038804],[-1.052887,46.04328],[-1.058583,46.047919],[-1.065175,46.051581],[-1.084218,46.056545],[-1.087758,46.064683],[-1.088735,46.074774],[-1.096018,46.088365],[-1.095693,46.097724],[-1.097035,46.101549],[-1.100738,46.103095],[-1.113596,46.106147],[-1.117014,46.107815],[-1.122955,46.112494],[-1.129018,46.11579],[-1.128896,46.120063],[-1.117014,46.128241],[-1.14037,46.14057],[-1.14802,46.141913],[-1.152089,46.143866],[-1.151845,46.148424],[-1.150543,46.153266],[-1.151723,46.156195],[-1.157094,46.156968],[-1.172231,46.156195],[-1.182607,46.158393],[-1.19164,46.157945],[-1.200185,46.159125],[-1.209706,46.166164],[-1.210805,46.174547],[-1.204416,46.184312],[-1.194488,46.192776],[-1.18517,46.19717],[-1.190541,46.216295],[-1.179596,46.229478],[-1.110748,46.259223],[-1.102651,46.271959],[-1.103505,46.280015],[-1.108022,46.28852],[-1.110748,46.30268],[-1.132476,46.324123],[-1.177235,46.326158],[-1.214345,46.310696],[-1.213206,46.27912],[-1.240102,46.284247],[-1.259185,46.300442],[-1.277415,46.319525],[-1.293365,46.322659],[-1.303456,46.323879],[-1.334218,46.336737],[-1.356842,46.350328],[-1.370229,46.354193],[-1.423329,46.342475],[-1.44872,46.343411],[-1.459584,46.364732],[-1.465484,46.38996],[-1.481435,46.408189],[-1.504465,46.419338],[-1.53189,46.423082],[-1.598785,46.425035],[-1.62564,46.431138],[-1.617177,46.443549],[-1.633453,46.454291],[-1.686757,46.460883],[-1.720286,46.481269],[-1.748606,46.486558],[-1.761138,46.492011],[-1.768422,46.50023],[-1.779652,46.522121],[-1.789174,46.532945],[-1.788889,46.520453],[-1.78307,46.504136],[-1.781728,46.495429],[-1.786,46.490953],[-1.7954,46.494534],[-1.804799,46.503607],[-1.827056,46.576972],[-1.822662,46.594387],[-1.838694,46.599066],[-1.846588,46.610256],[-1.851226,46.623725],[-1.857411,46.635321],[-1.872426,46.647406],[-1.887807,46.656562],[-1.89977,46.666246],[-1.909901,46.691799],[-1.923166,46.699164],[-1.940012,46.70307],[-1.956451,46.704291],[-1.964996,46.710395],[-1.994618,46.752021],[-2.050282,46.79206],[-2.081288,46.807359],[-2.107167,46.813463],[-2.118764,46.819973],[-2.126088,46.835598],[-2.130035,46.854682],[-2.131256,46.871812],[-2.128774,46.893459],[-2.121978,46.903713],[-2.096344,46.91649],[-2.102162,46.93065],[-2.087473,46.94123],[-2.049224,46.957465],[-2.037017,46.972561],[-2.020172,47.008612],[-2.00829,47.026353],[-1.990712,47.035386],[-1.992584,47.052314],[-2.003774,47.070014],[-2.014556,47.08161],[-2.030019,47.092108],[-2.090159,47.11518],[-2.205474,47.129096],[-2.241119,47.142483],[-2.227854,47.148627],[-2.21703,47.155504],[-2.205393,47.1612],[-2.172841,47.164374],[-2.165191,47.167873],[-2.162099,47.176011],[-2.159088,47.190863],[-2.158681,47.204495],[-2.169301,47.22016],[-2.172109,47.235256],[-2.170888,47.246324],[-2.166982,47.259223],[-2.160553,47.271186],[-2.151682,47.27969],[-2.127675,47.286811],[-2.035634,47.29328],[-2.028717,47.296942],[-2.021962,47.299262],[-2.014556,47.300116],[-2.006581,47.29328],[-1.999135,47.28856],[-1.947865,47.279364],[-1.932485,47.27969],[-1.939361,47.286444],[-1.927805,47.286322],[-1.917063,47.284166],[-1.907338,47.279934],[-1.898427,47.273424],[-1.918853,47.273424],[-1.918853,47.266018],[-1.877838,47.24551],[-1.836252,47.239936],[-1.82608,47.235256],[-1.803944,47.21898],[-1.780995,47.211982],[-1.72704,47.210761],[-1.747222,47.219916],[-1.788238,47.225572],[-1.805653,47.235256],[-1.835927,47.259752],[-1.871165,47.27969],[-1.905629,47.293931],[-1.925689,47.298489],[-1.94929,47.300116],[-1.95816,47.302395],[-1.972157,47.312161],[-2.010121,47.319729],[-2.148101,47.313218],[-2.179555,47.300116],[-2.186594,47.292711],[-2.190582,47.2862],[-2.195953,47.279934],[-2.206288,47.273424],[-2.236073,47.267483],[-2.259429,47.251614],[-2.278391,47.246405],[-2.298085,47.246649],[-2.31607,47.251654],[-2.330963,47.26081],[-2.355336,47.280097],[-2.371409,47.286444],[-2.388092,47.287909],[-2.39745,47.287584],[-2.404897,47.286444],[-2.412831,47.281724],[-2.416575,47.27497],[-2.418121,47.268866],[-2.419179,47.266018],[-2.448394,47.266588],[-2.541982,47.300116],[-2.541982,47.306952],[-2.519032,47.304633],[-2.476064,47.290676],[-2.453359,47.29328],[-2.436187,47.307034],[-2.445383,47.32038],[-2.465443,47.333808],[-2.480621,47.347886],[-2.487945,47.345404],[-2.491282,47.343899],[-2.494252,47.341742],[-2.489369,47.334418],[-2.488922,47.33039],[-2.494252,47.320624],[-2.501698,47.320624],[-2.503326,47.349595],[-2.514801,47.364936],[-2.556386,47.383246],[-2.476796,47.415676],[-2.466135,47.415229],[-2.4558,47.412177],[-2.439036,47.40998],[-2.441029,47.404446],[-2.442209,47.404364],[-2.446401,47.402533],[-2.439036,47.396308],[-2.429433,47.403876],[-2.395009,47.416978],[-2.391835,47.423651],[-2.407135,47.425727],[-2.431752,47.426174],[-2.44815,47.430609],[-2.439036,47.44477],[-2.455312,47.452216],[-2.476186,47.453762],[-2.488922,47.459174],[-2.480621,47.478217],[-2.49474,47.491197],[-2.483632,47.497952],[-2.421213,47.50023],[-2.384674,47.507148],[-2.363922,47.506171],[-2.380116,47.509223],[-2.407053,47.506049],[-2.425364,47.506171],[-2.501698,47.526679],[-2.517486,47.528388],[-2.530507,47.527248],[-2.563222,47.519843],[-2.600697,47.519843],[-2.609853,47.517727],[-2.61559,47.514146],[-2.621693,47.513414],[-2.631988,47.519843],[-2.616933,47.521715],[-2.599355,47.52912],[-2.584462,47.540473],[-2.576812,47.553941],[-2.592275,47.543647],[-2.606435,47.54206],[-2.621205,47.543036],[-2.638254,47.540269],[-2.630116,47.53913],[-2.623931,47.537177],[-2.619944,47.533393],[-2.617787,47.526679],[-2.643056,47.526435],[-2.654775,47.528306],[-2.665517,47.533515],[-2.667104,47.509589],[-2.680735,47.504218],[-2.714019,47.512397],[-2.730702,47.511623],[-2.782786,47.499416],[-2.802154,47.498114],[-2.817128,47.499213],[-2.83019,47.503607],[-2.843658,47.512397],[-2.845693,47.516181],[-2.861073,47.535834],[-2.864817,47.536851],[-2.868967,47.542182],[-2.878529,47.545315],[-2.889882,47.546617],[-2.892934,47.547675],[-2.89151,47.549058],[-2.892079,47.553941],[-2.90925,47.558417],[-2.892568,47.566596],[-2.865305,47.566636],[-2.850575,47.546536],[-2.843658,47.546536],[-2.838124,47.551825],[-2.832428,47.554023],[-2.825429,47.552476],[-2.816396,47.546536],[-2.815297,47.552965],[-2.80956,47.567613],[-2.794016,47.555121],[-2.768666,47.549547],[-2.741444,47.551337],[-2.720204,47.560777],[-2.727651,47.567613],[-2.688629,47.604397],[-2.68399,47.622992],[-2.706532,47.642727],[-2.706532,47.636542],[-2.696929,47.629788],[-2.695627,47.623358],[-2.701568,47.618354],[-2.714019,47.616034],[-2.699778,47.609198],[-2.704254,47.604438],[-2.708608,47.602281],[-2.720204,47.601752],[-2.725331,47.607367],[-2.77538,47.629096],[-2.754465,47.627021],[-2.734486,47.62226],[-2.746327,47.633857],[-2.758209,47.639065],[-2.789133,47.642727],[-2.77538,47.636542],[-2.796051,47.629869],[-2.847727,47.626166],[-2.857981,47.619127],[-2.86677,47.607164],[-2.886383,47.60102],[-2.919423,47.595526],[-2.919423,47.601752],[-2.912668,47.601752],[-2.912668,47.609198],[-2.925689,47.607652],[-2.928822,47.606024],[-2.933095,47.601752],[-2.939931,47.601752],[-2.943756,47.613959],[-2.944814,47.624091],[-2.94164,47.631822],[-2.933095,47.636542],[-2.947499,47.636908],[-2.957997,47.642157],[-2.964589,47.651435],[-2.967193,47.663804],[-2.97468,47.663804],[-2.973297,47.655992],[-2.968577,47.6435],[-2.967193,47.636542],[-2.967193,47.612616],[-2.963612,47.602607],[-2.954701,47.591539],[-2.943512,47.581488],[-2.933095,47.574449],[-2.935618,47.567572],[-2.937245,47.564683],[-2.939931,47.560777],[-2.942616,47.564399],[-2.952952,47.574449],[-2.961293,47.570543],[-2.970286,47.576972],[-2.980946,47.587348],[-2.994496,47.595526],[-2.988596,47.582261],[-2.994211,47.576077],[-3.003407,47.578681],[-3.008168,47.591783],[-3.01179,47.607164],[-3.018219,47.605658],[-3.021718,47.59455],[-3.015696,47.581244],[-3.029937,47.581936],[-3.035797,47.583319],[-3.042388,47.58808],[-3.073842,47.576483],[-3.089752,47.575507],[-3.103749,47.581244],[-3.09732,47.584052],[-3.090728,47.58808],[-3.100453,47.594184],[-3.11205,47.599189],[-3.12328,47.598782],[-3.131703,47.58808],[-3.127187,47.586615],[-3.122955,47.583238],[-3.118031,47.581244],[-3.128896,47.547593],[-3.12328,47.518988],[-3.10676,47.495795],[-3.084543,47.478217],[-3.098134,47.478705],[-3.11913,47.482611],[-3.125478,47.478217],[-3.131703,47.478217],[-3.143788,47.507025],[-3.145375,47.516099],[-3.143219,47.527045],[-3.13386,47.543931],[-3.131703,47.55744],[-3.134185,47.580756],[-3.141184,47.598049],[-3.15217,47.611233],[-3.166493,47.62226],[-3.176015,47.62637],[-3.187245,47.629584],[-3.196685,47.63349],[-3.200592,47.639594],[-3.198394,47.652574],[-3.18635,47.680609],[-3.111195,47.704169],[-3.115061,47.709418],[-3.117177,47.715033],[-3.118031,47.722154],[-3.118031,47.732123],[-3.122792,47.729926],[-3.134511,47.726793],[-3.13915,47.724677],[-3.13976,47.745795],[-3.13915,47.75259],[-3.145375,47.75259],[-3.153188,47.742011],[-3.16393,47.743883],[-3.177358,47.748521],[-3.193186,47.746405],[-3.179189,47.742743],[-3.169667,47.735419],[-3.163319,47.724758],[-3.159088,47.711005],[-3.164052,47.710273],[-3.165028,47.70954],[-3.165028,47.707913],[-3.166493,47.704169],[-3.178375,47.710028],[-3.185374,47.706366],[-3.193227,47.699937],[-3.207387,47.697333],[-3.203521,47.694322],[-3.193186,47.683743],[-3.207143,47.679145],[-3.211903,47.669827],[-3.215077,47.66059],[-3.224192,47.656399],[-3.231597,47.660346],[-3.262074,47.683743],[-3.287587,47.688666],[-3.331532,47.696723],[-3.358266,47.697333],[-3.340199,47.702297],[-3.322418,47.700995],[-3.282623,47.691148],[-3.282623,47.697333],[-3.298451,47.703843],[-3.316274,47.708075],[-3.358266,47.711005],[-3.358266,47.718451],[-3.349355,47.719062],[-3.345123,47.721259],[-3.343984,47.726264],[-3.343984,47.735541],[-3.340566,47.739488],[-3.323557,47.737738],[-3.317291,47.738959],[-3.304433,47.761135],[-3.2954,47.773017],[-3.282623,47.779934],[-3.282623,47.78734],[-3.304351,47.770087],[-3.331776,47.752509],[-3.362172,47.740424],[-3.383168,47.737047],[-3.375478,47.734036],[-3.369252,47.729804],[-3.364491,47.724677],[-3.364491,47.718451],[-3.446441,47.704576],[-3.460683,47.707587],[-3.464996,47.713039],[-3.494862,47.738959],[-3.509185,47.759426],[-3.520253,47.768134],[-3.524485,47.772447],[-3.52831,47.779934],[-3.539296,47.773749],[-3.555653,47.773993],[-3.590972,47.779934],[-3.616851,47.77912],[-3.625152,47.779934],[-3.633046,47.783026],[-3.644399,47.791734],[-3.649037,47.793606],[-3.68692,47.792304],[-3.706166,47.796942],[-3.714589,47.810614],[-3.723215,47.813381],[-3.77538,47.793606],[-3.789906,47.803209],[-3.811187,47.802924],[-3.833567,47.79975],[-3.851715,47.801011],[-3.853098,47.804348],[-3.872222,47.828315],[-3.879221,47.833564],[-3.886464,47.83747],[-3.889963,47.843451],[-3.885854,47.855048],[-3.894521,47.855292],[-3.900787,47.857123],[-3.913197,47.862454],[-3.916331,47.873358],[-3.935129,47.887885],[-3.961822,47.89997],[-3.988271,47.903469],[-3.979237,47.883002],[-3.98648,47.867906],[-4.008901,47.851264],[-4.029205,47.855048],[-4.019154,47.854478],[-4.01122,47.855943],[-4.005442,47.8605],[-4.001943,47.869289],[-4.014068,47.866278],[-4.024037,47.865953],[-4.031565,47.863715],[-4.036692,47.855048],[-4.064931,47.870795],[-4.078236,47.874416],[-4.09439,47.875474],[-4.106557,47.880113],[-4.119293,47.891913],[-4.12914,47.90762],[-4.132192,47.923896],[-4.14273,47.912014],[-4.13683,47.896918],[-4.123362,47.883246],[-4.111195,47.875474],[-4.111195,47.869289],[-4.123769,47.868598],[-4.133616,47.866197],[-4.142649,47.861762],[-4.15274,47.855048],[-4.17162,47.877021],[-4.185618,47.874416],[-4.188466,47.862128],[-4.173899,47.855048],[-4.176666,47.851264],[-4.180043,47.848212],[-4.180043,47.841986],[-4.15274,47.841986],[-4.15274,47.834459],[-4.185211,47.813381],[-4.200551,47.807196],[-4.225168,47.802436],[-4.371816,47.807196],[-4.371246,47.814765],[-4.373443,47.828681],[-4.371816,47.834459],[-4.365468,47.837104],[-4.356068,47.837063],[-4.347646,47.838324],[-4.343861,47.84512],[-4.34732,47.862942],[-4.362213,47.888577],[-4.371978,47.915839],[-4.386952,47.934068],[-4.434641,47.975653],[-4.523264,48.022691],[-4.533274,48.026313],[-4.546702,48.020738],[-4.55899,48.010688],[-4.572011,48.005927],[-4.601959,48.02558],[-4.619211,48.027655],[-4.652984,48.026313],[-4.728139,48.040595],[-4.721506,48.044135],[-4.716461,48.050238],[-4.71227,48.056586],[-4.706207,48.06391],[-4.705556,48.06745],[-4.704254,48.071234],[-4.700795,48.074774],[-4.697418,48.074897],[-4.689524,48.068834],[-4.683705,48.067328],[-4.361928,48.115709],[-4.304758,48.104071],[-4.289906,48.108222],[-4.28539,48.115383],[-4.275706,48.143622],[-4.280181,48.154934],[-4.294342,48.16706],[-4.297353,48.174058],[-4.302358,48.196357],[-4.315826,48.205512],[-4.358225,48.211859],[-4.366119,48.215155],[-4.372426,48.220038],[-4.376861,48.225979],[-4.379262,48.232367],[-4.404368,48.226142],[-4.457631,48.248969],[-4.485463,48.242621],[-4.499989,48.224921],[-4.513987,48.202094],[-4.531646,48.183092],[-4.557485,48.177191],[-4.548736,48.198432],[-4.543772,48.205064],[-4.555043,48.216539],[-4.561187,48.225043],[-4.563629,48.232367],[-4.558665,48.244208],[-4.550933,48.248603],[-4.54719,48.25259],[-4.554067,48.262763],[-4.566274,48.264879],[-4.626332,48.266547],[-4.623687,48.277045],[-4.626332,48.287055],[-4.615387,48.291083],[-4.607086,48.290595],[-4.598785,48.288398],[-4.58788,48.287055],[-4.575185,48.290025],[-4.572906,48.29682],[-4.57551,48.30386],[-4.57726,48.307522],[-4.559478,48.33869],[-4.546702,48.346829],[-4.530141,48.34162],[-4.543202,48.304674],[-4.515533,48.295844],[-4.426503,48.300035],[-4.416371,48.296617],[-4.409657,48.292304],[-4.401967,48.28856],[-4.388987,48.287055],[-4.376861,48.287787],[-4.329701,48.297024],[-4.262603,48.300035],[-4.268951,48.295844],[-4.275217,48.294013],[-4.289906,48.29385],[-4.269358,48.288398],[-4.187489,48.300035],[-4.187489,48.307522],[-4.218821,48.306057],[-4.23054,48.309882],[-4.234731,48.321723],[-4.243967,48.31391],[-4.257721,48.311347],[-4.270172,48.314683],[-4.275706,48.324856],[-4.281972,48.323676],[-4.324696,48.321723],[-4.316314,48.330797],[-4.312082,48.333075],[-4.303619,48.335395],[-4.303131,48.339586],[-4.298492,48.343817],[-4.288686,48.348538],[-4.269399,48.362738],[-4.286285,48.362535],[-4.30899,48.351549],[-4.324696,48.348456],[-4.324696,48.355292],[-4.317291,48.355292],[-4.317291,48.362738],[-4.324696,48.362738],[-4.327789,48.357856],[-4.334055,48.352729],[-4.337717,48.348456],[-4.35261,48.352729],[-4.384185,48.338121],[-4.406606,48.335395],[-4.403798,48.339179],[-4.402821,48.339586],[-4.399159,48.34162],[-4.406606,48.348456],[-4.415028,48.342922],[-4.426503,48.338853],[-4.439931,48.336371],[-4.453725,48.335395],[-4.453725,48.34162],[-4.396596,48.387763],[-4.385569,48.393744],[-4.289906,48.431586],[-4.307729,48.428046],[-4.339019,48.416083],[-4.358957,48.411119],[-4.426503,48.403713],[-4.457509,48.394843],[-4.520619,48.368313],[-4.569569,48.360297],[-4.599355,48.350165],[-4.618886,48.348456],[-4.636342,48.351142],[-4.671132,48.360582],[-4.690541,48.362738],[-4.694081,48.359442],[-4.694081,48.3522],[-4.695668,48.344957],[-4.704498,48.34162],[-4.754994,48.341986],[-4.768381,48.345404],[-4.77717,48.355618],[-4.783355,48.37641],[-4.76476,48.377631],[-4.766347,48.390448],[-4.783355,48.417385],[-4.784901,48.436184],[-4.779856,48.454901],[-4.768056,48.468655],[-4.749257,48.472602],[-4.749257,48.478827],[-4.774648,48.491278],[-4.764556,48.520209],[-4.739898,48.550727],[-4.721995,48.568183],[-4.711578,48.563666],[-4.700795,48.560736],[-4.708241,48.568183],[-4.692291,48.575507],[-4.673451,48.579576],[-4.642486,48.581855],[-4.623036,48.578192],[-4.589833,48.565741],[-4.57726,48.568183],[-4.600494,48.589342],[-4.607737,48.603013],[-4.594635,48.609117],[-4.548818,48.601223],[-4.530141,48.601711],[-4.557485,48.609117],[-4.554433,48.613227],[-4.552602,48.616523],[-4.554799,48.619696],[-4.563629,48.62344],[-4.563629,48.629625],[-4.485463,48.629625],[-4.46288,48.63231],[-4.429799,48.642808],[-4.406606,48.643256],[-4.4204,48.648871],[-4.426503,48.650092],[-4.426503,48.657538],[-4.398061,48.660956],[-4.370229,48.67182],[-4.343251,48.67886],[-4.317291,48.678046],[-4.299143,48.663642],[-4.306508,48.641547],[-4.283111,48.643256],[-4.252594,48.655463],[-4.242055,48.657538],[-4.229807,48.655951],[-4.207143,48.64997],[-4.193756,48.650092],[-4.193756,48.657538],[-4.213002,48.6612],[-4.207753,48.671373],[-4.190582,48.683051],[-4.173899,48.691107],[-4.154652,48.696234],[-4.131459,48.699164],[-4.108713,48.698147],[-4.090688,48.691107],[-4.084788,48.69717],[-4.079254,48.696926],[-4.07433,48.692288],[-4.070221,48.684882],[-4.064036,48.684882],[-4.057362,48.689602],[-4.053293,48.695543],[-4.052642,48.70307],[-4.056549,48.712144],[-4.042714,48.713935],[-4.030507,48.717027],[-4.009348,48.725816],[-3.973988,48.732815],[-3.967763,48.72956],[-3.970286,48.720038],[-3.973866,48.712795],[-3.972727,48.707709],[-3.961008,48.704739],[-3.961008,48.698554],[-3.967763,48.698554],[-3.967763,48.691107],[-3.957753,48.686835],[-3.951039,48.679389],[-3.949534,48.669338],[-3.954742,48.657538],[-3.926584,48.676174],[-3.911936,48.68122],[-3.891998,48.678046],[-3.901967,48.672024],[-3.906321,48.6706],[-3.906321,48.664374],[-3.894195,48.653551],[-3.864654,48.641018],[-3.851715,48.629625],[-3.844309,48.636461],[-3.851715,48.643256],[-3.844309,48.650092],[-3.848948,48.656317],[-3.852447,48.664537],[-3.8579,48.684882],[-3.851715,48.684882],[-3.8485,48.679023],[-3.845448,48.676011],[-3.837473,48.6706],[-3.840077,48.688056],[-3.837148,48.707261],[-3.829254,48.718451],[-3.816965,48.712144],[-3.812652,48.716742],[-3.810455,48.721503],[-3.809804,48.726955],[-3.810129,48.733222],[-3.797109,48.721177],[-3.778432,48.717353],[-3.731923,48.71898],[-3.720855,48.71601],[-3.697865,48.702338],[-3.686635,48.698554],[-3.673818,48.698228],[-3.638173,48.704739],[-3.638539,48.687812],[-3.614003,48.682685],[-3.584788,48.682807],[-3.570546,48.687974],[-3.580474,48.711086],[-3.584543,48.726386],[-3.580474,48.733222],[-3.52831,48.739488],[-3.542836,48.745673],[-3.577382,48.774237],[-3.581532,48.790595],[-3.571401,48.799058],[-3.542592,48.807807],[-3.520863,48.833645],[-3.515289,48.841946],[-3.509185,48.841946],[-3.499827,48.836982],[-3.468129,48.835679],[-3.433583,48.822211],[-3.419749,48.821438],[-3.425404,48.818427],[-3.42809,48.815741],[-3.429921,48.812445],[-3.433339,48.807807],[-3.409901,48.806545],[-3.397613,48.807318],[-3.388743,48.811184],[-3.378651,48.819322],[-3.371816,48.822496],[-3.287465,48.843451],[-3.275787,48.849351],[-3.268951,48.849351],[-3.259511,48.847724],[-3.229726,48.87226],[-3.213612,48.869818],[-3.207143,48.855414],[-3.207753,48.835924],[-3.214955,48.817857],[-3.227895,48.807807],[-3.226796,48.80329],[-3.225575,48.800482],[-3.22053,48.794135],[-3.216868,48.806789],[-3.20873,48.816352],[-3.178822,48.84101],[-3.154205,48.854926],[-3.145375,48.862372],[-3.134999,48.859198],[-3.116444,48.874091],[-3.103749,48.876654],[-3.091461,48.871283],[-3.08434,48.862209],[-3.08373,48.851711],[-3.090728,48.841946],[-3.090728,48.835679],[-3.077056,48.828274],[-3.084625,48.820136],[-3.097524,48.794135],[-3.104075,48.7862],[-3.125478,48.767401],[-3.125478,48.759955],[-3.118031,48.759955],[-3.085032,48.804999],[-3.0655,48.823961],[-3.049184,48.821438],[-3.039296,48.826972],[-3.028717,48.828803],[-3.018219,48.826972],[-3.008168,48.821438],[-3.015696,48.814602],[-3.01179,48.813666],[-3.009389,48.813707],[-3.008372,48.812486],[-3.008168,48.807807],[-3.017812,48.805854],[-3.025502,48.802924],[-3.042388,48.794135],[-3.042388,48.787909],[-3.029286,48.780463],[-3.003651,48.773871],[-2.952952,48.772284],[-2.933095,48.767401],[-2.934438,48.759101],[-2.934397,48.753079],[-2.933095,48.746324],[-2.942738,48.740912],[-2.946685,48.739488],[-2.946685,48.733222],[-2.932037,48.726955],[-2.913971,48.716498],[-2.898671,48.704779],[-2.892079,48.69477],[-2.826975,48.657538],[-2.817047,48.627672],[-2.812978,48.619696],[-2.811431,48.614569],[-2.814361,48.609931],[-2.816396,48.604926],[-2.812978,48.598578],[-2.808013,48.595608],[-2.795033,48.591254],[-2.771067,48.579169],[-2.714019,48.560736],[-2.716949,48.551703],[-2.721018,48.544623],[-2.726674,48.538967],[-2.734486,48.534003],[-2.722727,48.533637],[-2.713124,48.530097],[-2.704701,48.524156],[-2.696278,48.516669],[-2.682362,48.509019],[-2.679677,48.518378],[-2.680247,48.532782],[-2.676137,48.540229],[-2.636342,48.538804],[-2.620025,48.543606],[-2.600697,48.557603],[-2.577056,48.582465],[-2.569407,48.58869],[-2.558827,48.594143],[-2.541086,48.59809],[-2.473622,48.625963],[-2.459543,48.636461],[-2.459543,48.643256],[-2.468007,48.643948],[-2.487457,48.650092],[-2.44286,48.659084],[-2.421051,48.656968],[-2.412262,48.643256],[-2.38622,48.650092],[-2.356068,48.663275],[-2.329986,48.680365],[-2.31607,48.698554],[-2.312489,48.686957],[-2.305328,48.679633],[-2.295237,48.676581],[-2.281972,48.678046],[-2.281972,48.6706],[-2.289418,48.666571],[-2.293772,48.661363],[-2.297475,48.655707],[-2.302398,48.650092],[-2.330312,48.629625],[-2.312652,48.620185],[-2.294016,48.628607],[-2.27359,48.642646],[-2.250966,48.650092],[-2.246205,48.644721],[-2.240712,48.621324],[-2.237294,48.615912],[-2.225942,48.612372],[-2.219228,48.603664],[-2.215688,48.592434],[-2.213694,48.581855],[-2.202789,48.585883],[-2.195546,48.593451],[-2.192128,48.603746],[-2.192616,48.615912],[-2.188385,48.601304],[-2.182973,48.588772],[-2.174062,48.582953],[-2.159088,48.58869],[-2.159088,48.595445],[-2.163197,48.596503],[-2.172109,48.601711],[-2.161041,48.613023],[-2.149322,48.618883],[-2.137034,48.617987],[-2.124338,48.609117],[-2.131256,48.615302],[-2.136627,48.622138],[-2.144846,48.636461],[-2.100209,48.646918],[-2.052358,48.650092],[-2.049794,48.645575],[-2.028717,48.619696],[-2.027089,48.608954],[-2.022043,48.598944],[-2.013254,48.59162],[-2.000885,48.58869],[-2.005116,48.578843],[-2.00829,48.575019],[-1.982493,48.548977],[-1.976389,48.535631],[-1.980295,48.513577],[-1.970448,48.520697],[-1.939361,48.534003],[-1.967275,48.547065],[-1.961903,48.554918],[-1.976633,48.572699],[-1.980295,48.58869],[-1.9735,48.58869],[-1.96939,48.584174],[-1.965159,48.581204],[-1.952952,48.575019],[-1.960357,48.586615],[-1.96939,48.59276],[-1.979807,48.59512],[-1.991119,48.595445],[-2.000478,48.601304],[-2.019032,48.631049],[-2.028717,48.643256],[-2.025543,48.651313],[-2.018137,48.660346],[-2.006581,48.667629],[-1.991119,48.6706],[-1.987701,48.673774],[-1.987701,48.680854],[-1.985911,48.687893],[-1.976959,48.691107],[-1.939361,48.691107],[-1.945627,48.698554],[-1.843739,48.712144],[-1.846669,48.707831],[-1.846913,48.703437],[-1.843577,48.698147],[-1.836334,48.691107],[-1.861195,48.664211],[-1.860951,48.640855],[-1.838206,48.623765],[-1.79601,48.615912],[-1.722808,48.615302],[-1.643951,48.62344],[-1.595693,48.640937],[-1.58967,48.641791],[-1.579701,48.643256],[-1.500559,48.636461],[-1.393137,48.652411],[-1.356557,48.643256],[-1.372304,48.66059],[-1.394602,48.66828],[-1.432851,48.6706],[-1.433013,48.66828],[-1.437734,48.664455],[-1.443267,48.662828],[-1.445953,48.667467],[-1.447092,48.673896],[-1.45051,48.679511],[-1.4558,48.683417],[-1.490224,48.690131],[-1.502675,48.695502],[-1.507965,48.701606],[-1.516469,48.725165],[-1.553619,48.747138],[-1.562082,48.770819],[-1.562571,48.798489],[-1.566762,48.82217],[-1.578847,48.837836],[-1.602935,48.841946],[-1.602935,48.849351],[-1.589101,48.853583],[-1.578521,48.862616],[-1.571848,48.874213],[-1.56371,48.922105],[-1.557037,48.932318],[-1.548411,48.923814],[-1.542795,48.935248],[-1.541982,48.944078],[-1.547027,48.949693],[-1.55899,48.951809],[-1.563059,48.957587],[-1.552235,49.015448],[-1.545766,49.030341],[-1.532338,49.035142],[-1.507965,49.027533],[-1.507965,49.033677],[-1.527252,49.039781],[-1.549713,49.039781],[-1.56843,49.03266],[-1.576324,49.017279],[-1.579457,49.01317],[-1.586537,49.018988],[-1.593577,49.028998],[-1.59675,49.037421],[-1.595937,49.061265],[-1.593739,49.071967],[-1.589345,49.082099],[-1.603424,49.08397],[-1.608754,49.091498],[-1.607737,49.102729],[-1.602935,49.115627],[-1.595937,49.128485],[-1.589019,49.134589],[-1.569488,49.143541],[-1.581776,49.149848],[-1.584218,49.148424],[-1.589345,49.143541],[-1.597768,49.159369],[-1.604482,49.178209],[-1.608795,49.197821],[-1.610422,49.215888],[-1.602651,49.225409],[-1.584462,49.226264],[-1.548411,49.219306],[-1.548411,49.225491],[-1.569569,49.229682],[-1.595286,49.23786],[-1.616851,49.238227],[-1.624664,49.219306],[-1.640533,49.231513],[-1.657094,49.268378],[-1.671864,49.280097],[-1.665395,49.284613],[-1.662587,49.286038],[-1.658193,49.287543],[-1.68692,49.302436],[-1.699086,49.313544],[-1.706654,49.329169],[-1.686187,49.329169],[-1.686187,49.335354],[-1.699127,49.355862],[-1.706654,49.355862],[-1.714752,49.338528],[-1.733266,49.346259],[-1.755727,49.362454],[-1.775502,49.370103],[-1.772857,49.377021],[-1.771108,49.37995],[-1.767974,49.383734],[-1.78189,49.381537],[-1.795074,49.377631],[-1.806793,49.376858],[-1.816477,49.383734],[-1.819569,49.396796],[-1.815785,49.430854],[-1.816477,49.445217],[-1.819407,49.452053],[-1.823598,49.458482],[-1.838206,49.475816],[-1.839508,49.480658],[-1.84024,49.485826],[-1.843739,49.493598],[-1.853586,49.504299],[-1.879465,49.52497],[-1.884674,49.530911],[-1.878407,49.544867],[-1.850168,49.561713],[-1.843739,49.571845],[-1.839223,49.603176],[-1.839508,49.619778],[-1.846913,49.633938],[-1.855051,49.645087],[-1.860585,49.654771],[-1.869496,49.661689],[-1.901601,49.665839],[-1.945627,49.677965],[-1.937652,49.701565],[-1.939565,49.716457],[-1.935211,49.724107],[-1.908355,49.726386],[-1.898997,49.72427],[-1.87914,49.71483],[-1.867299,49.712714],[-1.839426,49.715399],[-1.829457,49.712714],[-1.824615,49.708441],[-1.820953,49.696357],[-1.816477,49.691636],[-1.811838,49.690741],[-1.800893,49.692084],[-1.79601,49.691636],[-1.773997,49.686713],[-1.707753,49.680162],[-1.633046,49.66352],[-1.617177,49.664293],[-1.616689,49.662014],[-1.616363,49.65705],[-1.613922,49.652248],[-1.606679,49.650051],[-1.59732,49.652289],[-1.58373,49.662055],[-1.572865,49.664293],[-1.561187,49.663031],[-1.540395,49.657782],[-1.528432,49.657457],[-1.511464,49.662543],[-1.49592,49.672187],[-1.470123,49.695054],[-1.455719,49.702216],[-1.409495,49.711575],[-1.391265,49.712714],[-1.271148,49.698432],[-1.263051,49.695502],[-1.259104,49.6883],[-1.25414,49.67178],[-1.232249,49.641425],[-1.227773,49.624091],[-1.253326,49.61225],[-1.257558,49.602851],[-1.259999,49.593451],[-1.264027,49.58926],[-1.286204,49.588935],[-1.294993,49.586819],[-1.301422,49.581773],[-1.306264,49.558092],[-1.293609,49.538398],[-1.276519,49.520738],[-1.261586,49.49315],[-1.185292,49.430365],[-1.175689,49.415229],[-1.172231,49.393378],[-1.174224,49.382392],[-1.1787,49.374579],[-1.183258,49.369452],[-1.18517,49.3664],[-1.181996,49.356187],[-1.173818,49.357001],[-1.163075,49.361518],[-1.151723,49.362698],[-1.141021,49.356676],[-1.133453,49.349514],[-1.122874,49.345445],[-1.103424,49.349026],[-1.103424,49.355862],[-1.113759,49.36579],[-1.106353,49.379462],[-1.089589,49.391547],[-1.072255,49.396796],[-0.940419,49.392279],[-0.822133,49.362698],[-0.650787,49.355862],[-0.607981,49.347398],[-0.583363,49.345893],[-0.546946,49.358954],[-0.522532,49.355292],[-0.479482,49.34276],[-0.411122,49.34276],[-0.393625,49.338039],[-0.363433,49.325019],[-0.3131,49.317328],[-0.219472,49.280097],[-0.194081,49.295233],[-0.033844,49.320054],[-0.000294,49.330517],[0.012869,49.334621],[0.040294,49.350409],[0.06308,49.354478],[0.071951,49.35928],[0.095958,49.383734],[0.162364,49.415188],[0.286876,49.433621],[0.411306,49.452053],[0.457286,49.467434],[0.476573,49.478664],[0.493175,49.493598],[0.42213,49.464423],[0.33961,49.456732],[0.256847,49.464057],[0.185313,49.479967],[0.164806,49.479967],[0.147309,49.480943],[0.12436,49.485785],[0.104421,49.493598],[0.095958,49.503241],[0.092784,49.509263],[0.078624,49.51553],[0.075369,49.524075],[0.076589,49.53498],[0.079682,49.542182],[0.13087,49.603502],[0.170909,49.691636],[0.185883,49.703192],[0.23585,49.729315],[0.246755,49.729438],[0.256847,49.735907],[0.387462,49.775051],[0.397634,49.784369],[0.522797,49.832953],[0.557384,49.839789],[0.59669,49.857245],[0.674815,49.8758],[0.760916,49.875067],[1.172618,49.961005],[1.196951,49.973578],[1.221202,49.97899],[1.260997,50.007514],[1.391287,50.075181],[1.444102,50.117255],[1.455821,50.123603],[1.464529,50.132148],[1.486827,50.185045],[1.521007,50.214667],[1.555349,50.217719],[1.654307,50.186591],[1.664073,50.187079],[1.672537,50.192532],[1.672537,50.199368],[1.661957,50.19892],[1.655284,50.200507],[1.650076,50.204779],[1.644542,50.212388],[1.66505,50.212388],[1.66505,50.219794],[1.645681,50.220038],[1.625499,50.224311],[1.610037,50.232245],[1.603526,50.243476],[1.593923,50.256293],[1.551117,50.26968],[1.541515,50.277899],[1.543142,50.310004],[1.551524,50.349066],[1.572032,50.375678],[1.594981,50.372667],[1.610362,50.370673],[1.610362,50.376899],[1.555186,50.404771],[1.555186,50.411566],[1.573497,50.44538],[1.574229,50.492377],[1.579275,50.533149],[1.610362,50.548163],[1.583344,50.574693],[1.577891,50.588609],[1.573578,50.635565],[1.563162,50.67829],[1.562673,50.698961],[1.567638,50.716742],[1.588715,50.756293],[1.600108,50.770982],[1.605642,50.790025],[1.599294,50.812934],[1.583181,50.849799],[1.580821,50.863715],[1.580577,50.868801],[1.604828,50.881049],[1.613455,50.883368],[1.634288,50.884589],[1.653331,50.889106],[1.670177,50.900092],[1.699067,50.925605],[1.729828,50.943915],[1.921397,50.996772],[1.939301,50.994452]],[[0.97641,50.994452],[0.966482,50.982733],[0.969086,50.956855],[0.979828,50.918158],[0.94516,50.909369],[0.869802,50.925116],[0.802257,50.939195],[0.762462,50.930894],[0.664399,50.870307],[0.624197,50.85871],[0.407481,50.829332],[0.370291,50.818793],[0.365245,50.818996],[0.354259,50.809638],[0.344412,50.799058],[0.342296,50.795152],[0.308116,50.780951],[0.271007,50.747382],[0.233897,50.747016],[0.214122,50.748928],[0.168305,50.759833],[0.1574,50.761054],[0.122081,50.76081],[0.113048,50.764146],[0.095551,50.775051],[0.077037,50.778998],[0.034516,50.780951],[0.017548,50.784857],[-0.173166,50.829006],[-0.206125,50.831041],[-0.208892,50.830105],[-0.233144,50.821926],[-0.269683,50.831285],[-0.397572,50.802069],[-0.568959,50.802069],[-0.732737,50.767279],[-0.741567,50.769232],[-0.749867,50.773871],[-0.758209,50.777086],[-0.767568,50.774726],[-0.773101,50.766018],[-0.766265,50.747138],[-0.770985,50.736884],[-0.789947,50.730048],[-0.812815,50.734768],[-0.904124,50.771877],[-0.911488,50.777818],[-0.905873,50.788031],[-0.892486,50.794623],[-0.863637,50.802069],[-0.863637,50.808254],[-0.873606,50.812934],[-0.893137,50.825344],[-0.904693,50.829332],[-0.909535,50.825995],[-0.921702,50.821601],[-0.928944,50.822821],[-0.919016,50.836168],[-0.929799,50.839993],[-0.939198,50.843248],[-0.970774,50.846991],[-0.994862,50.847073],[-1.001861,50.847113],[-1.020741,50.843655],[-1.033559,50.825914],[-1.042633,50.801907],[-1.056223,50.783026],[-1.082753,50.780951],[-1.103017,50.795478],[-1.093617,50.812934],[-1.075307,50.830024],[-1.069163,50.843655],[-1.08731,50.849799],[-1.088124,50.849758],[-1.14981,50.846666],[-1.164703,50.843655],[-1.129709,50.8251],[-1.123769,50.818793],[-1.121205,50.799384],[-1.124908,50.788723],[-1.138051,50.780951],[-1.151112,50.781399],[-1.169342,50.785875],[-1.185618,50.792426],[-1.192616,50.798651],[-1.19929,50.807929],[-1.231516,50.818915],[-1.255198,50.831936],[-1.288157,50.839179],[-1.301422,50.843655],[-1.318593,50.85692],[-1.338938,50.872707],[-1.44929,50.912055],[-1.46642,50.918158],[-1.46642,50.911933],[-1.456451,50.908759],[-1.437978,50.901313],[-1.425608,50.900092],[-1.401112,50.881171],[-1.323069,50.825751],[-1.31428,50.812161],[-1.317291,50.800238],[-1.339833,50.795152],[-1.403961,50.791571],[-1.418691,50.788398],[-1.411366,50.784898],[-1.404937,50.780951],[-1.404937,50.774726],[-1.45051,50.769355],[-1.476226,50.763414],[-1.487538,50.757717],[-1.491933,50.75727],[-1.524729,50.761054],[-1.5572,50.723293],[-1.559397,50.719224],[-1.561187,50.71898],[-1.580719,50.722642],[-1.602122,50.731757],[-1.670644,50.740058],[-1.672922,50.740058],[-1.693023,50.739936],[-1.715077,50.735785],[-1.753529,50.722846],[-1.771718,50.72012],[-1.797434,50.723171],[-1.835072,50.727688],[-1.857411,50.726955],[-1.877349,50.722846],[-1.896352,50.716295],[-1.896881,50.716051],[-1.913889,50.707424],[-1.929107,50.695868],[-1.940012,50.690823],[-1.944325,50.697659],[-1.946116,50.707913],[-1.94929,50.713324],[-1.987701,50.72012],[-2.013905,50.71894],[-2.021962,50.72012],[-2.025461,50.723863],[-2.026194,50.725084],[-2.033844,50.737128],[-2.038971,50.739936],[-2.048085,50.734809],[-2.082672,50.698961],[-2.069569,50.7001],[-2.057729,50.702826],[-2.04662,50.707261],[-2.035634,50.713324],[-2.01415,50.688788],[-2.002512,50.681301],[-1.98412,50.678534],[-1.967437,50.678656],[-1.952789,50.676581],[-1.945872,50.66885],[-1.952952,50.651842],[-1.938222,50.645819],[-1.932485,50.644436],[-1.967275,50.617092],[-1.965199,50.6022],[-1.983713,50.596625],[-2.065175,50.595526],[-2.082183,50.597846],[-2.157338,50.62051],[-2.342641,50.633775],[-2.377065,50.647528],[-2.398346,50.645575],[-2.435902,50.637519],[-2.447621,50.627875],[-2.460072,50.606513],[-2.465647,50.58515],[-2.456451,50.575507],[-2.431223,50.570258],[-2.4287,50.557563],[-2.43928,50.541815],[-2.453359,50.527655],[-2.459543,50.527655],[-2.460357,50.565497],[-2.48351,50.590399],[-2.692942,50.692816],[-2.864817,50.733791],[-2.887318,50.734361],[-2.945546,50.725816],[-2.962758,50.723293],[-2.998199,50.708238],[-3.02184,50.706488],[-3.059722,50.713324],[-3.07136,50.711005],[-3.094146,50.698961],[-3.099233,50.697089],[-3.115834,50.687974],[-3.125478,50.685289],[-3.135894,50.68594],[-3.155141,50.691352],[-3.166493,50.692816],[-3.185618,50.690741],[-3.219146,50.680813],[-3.259836,50.674547],[-3.271392,50.664496],[-3.280426,50.65119],[-3.295562,50.637519],[-3.368153,50.617092],[-3.390736,50.617825],[-3.407541,50.621283],[-3.420969,50.629462],[-3.433339,50.644436],[-3.44636,50.66828],[-3.450429,50.672309],[-3.453277,50.673285],[-3.455434,50.675442],[-3.458608,50.677558],[-3.464426,50.678534],[-3.467763,50.676418],[-3.468902,50.671698],[-3.467844,50.666978],[-3.455312,50.657904],[-3.442047,50.623521],[-3.433339,50.610256],[-3.451161,50.599433],[-3.467275,50.585598],[-3.48176,50.568549],[-3.494862,50.548163],[-3.505971,50.520819],[-3.505035,50.501207],[-3.487457,50.459418],[-3.509755,50.458482],[-3.532135,50.454779],[-3.549428,50.446519],[-3.556264,50.432115],[-3.549306,50.415595],[-3.531972,50.410224],[-3.487457,50.411566],[-3.487457,50.404771],[-3.497467,50.387356],[-3.49828,50.383694],[-3.507314,50.382799],[-3.514963,50.37995],[-3.520131,50.374823],[-3.526926,50.349799],[-3.538889,50.344428],[-3.554514,50.347642],[-3.570546,50.356391],[-3.577789,50.334052],[-3.59911,50.325832],[-3.621571,50.321926],[-3.631988,50.312323],[-3.637359,50.295396],[-3.647572,50.274563],[-3.65331,50.251044],[-3.645619,50.22602],[-3.660634,50.221015],[-3.700917,50.213528],[-3.718007,50.212388],[-3.740387,50.215888],[-3.758616,50.221747],[-3.774241,50.222968],[-3.788971,50.212388],[-3.826324,50.234198],[-3.884185,50.280463],[-3.949941,50.318996],[-3.961008,50.322252],[-3.970204,50.320746],[-3.995758,50.311428],[-4.005605,50.309231],[-4.011342,50.306952],[-4.02477,50.297187],[-4.032948,50.294908],[-4.044057,50.296454],[-4.054351,50.30036],[-4.070221,50.309231],[-4.067942,50.312812],[-4.064036,50.322252],[-4.086008,50.326239],[-4.108266,50.336615],[-4.118723,50.351874],[-4.10497,50.370673],[-4.141754,50.369045],[-4.15274,50.370673],[-4.165517,50.37637],[-4.171457,50.382799],[-4.175771,50.390855],[-4.183827,50.401068],[-4.191477,50.417629],[-4.183909,50.431708],[-4.170318,50.445136],[-4.159535,50.459418],[-4.179433,50.45307],[-4.189565,50.453681],[-4.200551,50.459418],[-4.203684,50.451402],[-4.204742,50.448676],[-4.212392,50.441474],[-4.222524,50.437974],[-4.234731,50.4383],[-4.234731,50.432115],[-4.220204,50.425849],[-4.216135,50.415717],[-4.219716,50.405097],[-4.228505,50.397366],[-4.241444,50.39468],[-4.289906,50.397366],[-4.27302,50.381903],[-4.216176,50.387763],[-4.193756,50.376899],[-4.228505,50.370673],[-4.228505,50.363837],[-4.220123,50.365302],[-4.200551,50.363837],[-4.207997,50.356391],[-4.180043,50.356391],[-4.180043,50.350165],[-4.191314,50.347561],[-4.197987,50.342231],[-4.199127,50.335395],[-4.193756,50.328437],[-4.193756,50.322252],[-4.214996,50.323147],[-4.225697,50.335395],[-4.235097,50.349555],[-4.252349,50.356391],[-4.337717,50.370673],[-4.383697,50.367499],[-4.456207,50.338202],[-4.495351,50.328437],[-4.65982,50.322252],[-4.659576,50.320624],[-4.662709,50.317776],[-4.667795,50.315334],[-4.673451,50.315416],[-4.687164,50.342719],[-4.694325,50.343451],[-4.700185,50.340888],[-4.705556,50.337551],[-4.711334,50.335883],[-4.731557,50.334662],[-4.752105,50.330308],[-4.763295,50.322089],[-4.755442,50.309231],[-4.755442,50.301744],[-4.762359,50.298041],[-4.771637,50.291571],[-4.779856,50.284329],[-4.783355,50.277899],[-4.78189,50.271796],[-4.776519,50.265082],[-4.776519,50.26081],[-4.788442,50.242092],[-4.790151,50.236558],[-4.80016,50.22956],[-4.849721,50.234565],[-4.868723,50.229438],[-4.887318,50.214993],[-4.904775,50.208441],[-4.947255,50.199368],[-4.960683,50.190497],[-5.002431,50.14411],[-5.014556,50.156562],[-5.020375,50.191962],[-5.033193,50.199368],[-5.052968,50.195787],[-5.053619,50.186916],[-5.051869,50.175523],[-5.064565,50.164618],[-5.064565,50.158393],[-5.058502,50.155463],[-5.043446,50.14411],[-5.051869,50.144599],[-5.058461,50.142727],[-5.07079,50.137274],[-5.080312,50.132717],[-5.081614,50.125393],[-5.080963,50.117174],[-5.085032,50.109931],[-5.093902,50.105536],[-5.125966,50.09634],[-5.114654,50.096625],[-5.106068,50.09512],[-5.091868,50.089504],[-5.086903,50.089057],[-5.075347,50.090481],[-5.07079,50.089504],[-5.068471,50.08515],[-5.064931,50.071845],[-5.060862,50.069037],[-5.056508,50.060614],[-5.069488,50.042182],[-5.098053,50.01439],[-5.107289,50.013007],[-5.127431,50.015448],[-5.139638,50.01439],[-5.146474,50.010565],[-5.176137,49.987942],[-5.187734,49.964504],[-5.191151,49.959133],[-5.200103,49.961371],[-5.210357,49.966742],[-5.240387,49.988349],[-5.245229,49.993109],[-5.249501,50.000067],[-5.253041,50.012641],[-5.252268,50.020697],[-5.252675,50.027777],[-5.259755,50.037665],[-5.288401,50.067694],[-5.304351,50.080268],[-5.323964,50.089504],[-5.384185,50.107978],[-5.424713,50.112738],[-5.458119,50.125881],[-5.474843,50.130439],[-5.495676,50.129625],[-5.52184,50.123725],[-5.540924,50.113471],[-5.540639,50.099758],[-5.534657,50.082343],[-5.545562,50.068915],[-5.563466,50.059638],[-5.57844,50.054755],[-5.619456,50.04621],[-5.667388,50.042873],[-5.705149,50.052314],[-5.715647,50.082709],[-5.705963,50.083482],[-5.698801,50.085395],[-5.694488,50.089504],[-5.694407,50.095771],[-5.697092,50.100531],[-5.700307,50.103217],[-5.701975,50.103176],[-5.707387,50.122016],[-5.709218,50.132636],[-5.705393,50.137274],[-5.703521,50.140611],[-5.684641,50.161526],[-5.676747,50.165025],[-5.647369,50.172065],[-5.583608,50.195868],[-5.549428,50.203518],[-5.510976,50.219468],[-5.489125,50.219794],[-5.458119,50.200751],[-5.437978,50.194322],[-5.417388,50.20246],[-5.402943,50.217353],[-5.395863,50.22724],[-5.392893,50.236558],[-5.387563,50.240302],[-5.351918,50.240302],[-5.314849,50.253607],[-5.200307,50.330756],[-5.163564,50.347235],[-5.149892,50.350165],[-5.146474,50.355292],[-5.14566,50.366889],[-5.147043,50.379381],[-5.153676,50.399482],[-5.142405,50.404486],[-5.127268,50.405219],[-5.11974,50.404771],[-5.050282,50.428697],[-5.048166,50.434394],[-5.038726,50.447903],[-5.029775,50.486762],[-5.028635,50.507025],[-5.025258,50.524237],[-5.015614,50.538031],[-4.995595,50.548163],[-4.975168,50.548163],[-4.967844,50.551581],[-4.954823,50.561225],[-4.947255,50.562445],[-4.941477,50.556952],[-4.937123,50.545315],[-4.934438,50.531643],[-4.933583,50.52025],[-4.926869,50.522895],[-4.924306,50.524482],[-4.920522,50.527655],[-4.902415,50.520575],[-4.860951,50.519192],[-4.844838,50.514065],[-4.855824,50.527411],[-4.87328,50.534084],[-4.906239,50.541978],[-4.921864,50.554877],[-4.920237,50.564154],[-4.915191,50.572496],[-4.920522,50.582953],[-4.920522,50.589179],[-4.89566,50.585924],[-4.821197,50.589179],[-4.79247,50.595201],[-4.776601,50.609849],[-4.765045,50.627997],[-4.749257,50.644436],[-4.755442,50.659369],[-4.751943,50.670071],[-4.741933,50.674872],[-4.728139,50.672309],[-4.657297,50.711127],[-4.645579,50.723538],[-4.637807,50.741156],[-4.619008,50.754788],[-4.57726,50.774726],[-4.55012,50.809556],[-4.554921,50.897773],[-4.543772,50.939195],[-4.536855,50.947577],[-4.522694,50.972724],[-4.526682,50.980373],[-4.530426,50.994696]],[[8.305837,39.193305],[8.306326,39.160793],[8.312022,39.120307],[8.305837,39.10456],[8.29005,39.098822],[8.269379,39.100165],[8.254731,39.107123],[8.257335,39.11815],[8.257335,39.124416],[8.232677,39.14411],[8.22462,39.15705],[8.229991,39.172797],[8.245291,39.180976],[8.290294,39.188422],[8.305837,39.193305]],[[14.445567,44.565985],[14.526622,44.50373],[14.534353,44.484076],[14.511974,44.482245],[14.485037,44.500637],[14.451915,44.531887],[14.438162,44.538642],[14.438162,44.545478],[14.459239,44.541164],[14.466075,44.538642],[14.437999,44.564643],[14.422618,44.573879],[14.404063,44.579657],[14.396983,44.569159],[14.386567,44.565619],[14.374685,44.567572],[14.363048,44.573432],[14.363048,44.579657],[14.369884,44.579657],[14.369884,44.57982],[14.368663,44.582017],[14.364757,44.587226],[14.382579,44.603258],[14.375987,44.623033],[14.349376,44.655341],[14.344574,44.668524],[14.337087,44.699652],[14.335785,44.716783],[14.355724,44.707099],[14.381114,44.698635],[14.397472,44.685614],[14.390391,44.662177],[14.395193,44.653388],[14.399587,44.637519],[14.404063,44.610338],[14.410004,44.600979],[14.445567,44.565985]],[[-1.281402,46.156195],[-1.286285,46.160102],[-1.290679,46.161322],[-1.33609,46.167222],[-1.432851,46.210842],[-1.488922,46.203355],[-1.504262,46.207668],[-1.54483,46.239895],[-1.555816,46.245551],[-1.555816,46.251776],[-1.498118,46.261908],[-1.480092,46.259223],[-1.472727,46.255276],[-1.467885,46.249905],[-1.467437,46.243964],[-1.473866,46.238105],[-1.497711,46.245185],[-1.507965,46.245551],[-1.490549,46.224433],[-1.464182,46.224921],[-1.435455,46.233832],[-1.411122,46.238105],[-1.411122,46.231269],[-1.425364,46.231269],[-1.425364,46.223822],[-1.408762,46.218248],[-1.308095,46.206936],[-1.284739,46.196438],[-1.265736,46.180976],[-1.25414,46.162421],[-1.263417,46.161851],[-1.270863,46.160224],[-1.281402,46.156195]],[[-2.200103,46.985419],[-2.189809,46.97724],[-2.155751,46.964911],[-2.144846,46.957465],[-2.140045,46.943427],[-2.137685,46.923163],[-2.142568,46.909857],[-2.159088,46.91649],[-2.173695,46.939154],[-2.194814,46.961859],[-2.220204,46.973863],[-2.247304,46.964301],[-2.263173,46.979804],[-2.278676,47.018134],[-2.295644,47.033189],[-2.238596,47.035346],[-2.220448,47.033189],[-2.200022,47.024359],[-2.197418,47.013007],[-2.201324,46.999742],[-2.200103,46.985419]],[[-3.114654,47.331488],[-3.102691,47.327338],[-3.072743,47.328315],[-3.062815,47.320624],[-3.067006,47.301947],[-3.093617,47.296617],[-3.171702,47.301581],[-3.223459,47.312161],[-3.240956,47.320624],[-3.23762,47.336371],[-3.245351,47.352851],[-3.256174,47.368801],[-3.262074,47.383246],[-3.253651,47.388861],[-3.249623,47.395209],[-3.242991,47.395331],[-3.23412,47.389553],[-3.221506,47.387519],[-3.176503,47.371487],[-3.151601,47.35814],[-3.148793,47.355373],[-3.114654,47.331488]],[[-13.486684,29.284613],[-13.477895,29.266262],[-13.492014,29.242662],[-13.517079,29.226264],[-13.541249,29.229397],[-13.541249,29.236802],[-13.525746,29.251207],[-13.517934,29.273505],[-13.508168,29.289455],[-13.486684,29.284613]],[[10.991466,33.841702],[11.010997,33.83161],[11.031098,33.823879],[11.048513,33.814765],[11.060313,33.800727],[10.993988,33.749742],[10.977306,33.74315],[10.971039,33.738715],[10.966482,33.730414],[10.956716,33.69774],[10.95045,33.69774],[10.953624,33.724189],[10.956716,33.732489],[10.941091,33.728217],[10.928484,33.69663],[10.91053,33.673879],[10.893709,33.658247],[10.887786,33.640142],[10.871056,33.654333],[10.870746,33.67184],[10.876921,33.688218],[10.858995,33.711061],[10.842133,33.717963],[10.826182,33.729804],[10.80893,33.73432],[10.790349,33.718572],[10.781922,33.703696],[10.76342,33.700163],[10.740154,33.715478],[10.733791,33.730666],[10.727804,33.758181],[10.728314,33.784568],[10.747593,33.812748],[10.735479,33.853754],[10.736013,33.884752],[10.77296,33.896308],[10.854259,33.881659],[10.897797,33.87934],[10.929942,33.896308],[10.959727,33.866116],[10.991466,33.841702]],[[14.548025,35.890041],[14.563162,35.870022],[14.567149,35.845608],[14.561778,35.82982],[14.548025,35.836005],[14.532481,35.821967],[14.527517,35.813544],[14.527517,35.801215],[14.511485,35.806464],[14.507091,35.808661],[14.472667,35.811428],[14.42449,35.823676],[14.381521,35.842963],[14.363048,35.866685],[14.359874,35.869696],[14.345714,35.875922],[14.342621,35.880683],[14.342621,35.911689],[14.338227,35.946967],[14.33253,35.962836],[14.322032,35.973131],[14.334727,35.982367],[14.347504,35.988715],[14.361501,35.992418],[14.377289,35.993638],[14.377289,35.986233],[14.368175,35.984849],[14.362315,35.982408],[14.349376,35.973131],[14.428477,35.965725],[14.445079,35.960354],[14.478689,35.936957],[14.507823,35.928534],[14.512869,35.920803],[14.514008,35.910834],[14.513927,35.900824],[14.519298,35.89997],[14.548025,35.890041]],[[1.526383,38.677768],[1.565684,38.691486],[1.582367,38.674913],[1.581391,38.653062],[1.557486,38.648839],[1.523448,38.6494],[1.474223,38.674597],[1.458086,38.681341],[1.438731,38.670274],[1.429047,38.664944],[1.412792,38.646446],[1.396977,38.638646],[1.38295,38.642061],[1.387551,38.662378],[1.38346,38.67],[1.383474,38.680406],[1.388682,38.68712],[1.393321,38.696275],[1.393728,38.70421],[1.386485,38.707668],[1.382823,38.711575],[1.388612,38.719115],[1.401002,38.730326],[1.408029,38.724486],[1.418142,38.727891],[1.427908,38.739366],[1.431326,38.754869],[1.435395,38.755357],[1.436534,38.754014],[1.436534,38.751614],[1.437511,38.749254],[1.486095,38.694566],[1.526383,38.677768]],[[1.605968,39.091295],[1.600841,39.082384],[1.606944,39.062364],[1.623057,39.029202],[1.606456,39.028388],[1.593272,39.02025],[1.584646,39.007432],[1.581391,38.991929],[1.576182,38.985826],[1.541189,38.96776],[1.509776,38.930162],[1.497244,38.921861],[1.469493,38.910264],[1.458669,38.900133],[1.454926,38.904039],[1.448416,38.9088],[1.444998,38.913153],[1.428559,38.896593],[1.414728,38.890622],[1.404145,38.856757],[1.403105,38.832278],[1.37065,38.831809],[1.36085,38.851915],[1.343516,38.862372],[1.328868,38.857896],[1.322032,38.857896],[1.318614,38.859117],[1.317719,38.859849],[1.307791,38.857896],[1.300304,38.870469],[1.283458,38.87462],[1.266612,38.870347],[1.259939,38.857896],[1.228201,38.87462],[1.216645,38.885077],[1.212169,38.903225],[1.224294,38.927354],[1.22755,38.942003],[1.218435,38.954088],[1.226736,38.960191],[1.236827,38.965155],[1.24822,38.966376],[1.259939,38.960924],[1.267263,38.966051],[1.276866,38.968004],[1.300955,38.96776],[1.292247,39.009874],[1.292817,39.033271],[1.304454,39.043443],[1.317556,39.047593],[1.33253,39.057237],[1.356781,39.077623],[1.363048,39.077623],[1.372244,39.071397],[1.391938,39.083319],[1.403331,39.077623],[1.423188,39.090562],[1.450694,39.101793],[1.478689,39.107733],[1.499522,39.104885],[1.508637,39.114366],[1.522716,39.118883],[1.53712,39.118028],[1.553559,39.107652],[1.560395,39.105821],[1.57838,39.104885],[1.589692,39.102769],[1.597911,39.098131],[1.605968,39.091295]],[[10.44337,42.845445],[10.436046,42.838121],[10.431163,42.827867],[10.430675,42.816148],[10.436697,42.804429],[10.430024,42.787584],[10.420258,42.776435],[10.406912,42.768988],[10.388845,42.763495],[10.40797,42.75727],[10.425141,42.74079],[10.430675,42.722113],[10.415538,42.708889],[10.410981,42.717963],[10.403331,42.718899],[10.39324,42.718207],[10.381358,42.722561],[10.377289,42.727973],[10.367198,42.745998],[10.364268,42.749823],[10.351248,42.755683],[10.337901,42.764838],[10.325043,42.764838],[10.313731,42.742987],[10.304535,42.759752],[10.265391,42.744574],[10.245372,42.75727],[10.240001,42.741889],[10.235199,42.735907],[10.229666,42.735419],[10.147227,42.737291],[10.124848,42.743109],[10.106781,42.757392],[10.10141,42.784003],[10.111664,42.801256],[10.132986,42.811916],[10.158214,42.817288],[10.179535,42.818752],[10.189952,42.816881],[10.212169,42.807847],[10.224376,42.804429],[10.242198,42.803168],[10.26588,42.804429],[10.264903,42.809394],[10.264334,42.810452],[10.262706,42.810248],[10.259044,42.811916],[10.272146,42.818752],[10.272146,42.826239],[10.272146,42.827338],[10.289317,42.825629],[10.326834,42.826239],[10.322113,42.811713],[10.332774,42.805976],[10.347341,42.805854],[10.354666,42.808173],[10.358084,42.817532],[10.365977,42.822943],[10.374766,42.827094],[10.381358,42.832424],[10.3921,42.857978],[10.399913,42.868842],[10.412364,42.873358],[10.422048,42.870836],[10.431,42.864447],[10.438487,42.855455],[10.44337,42.845445]],[[15.144542,43.949652],[15.216807,43.912787],[15.220225,43.90119],[15.195486,43.895209],[15.145518,43.923896],[15.133311,43.92121],[15.137706,43.917873],[15.14031,43.913031],[15.144542,43.908108],[15.169688,43.894965],[15.175548,43.890937],[15.183442,43.886949],[15.191091,43.887519],[15.196788,43.886379],[15.199067,43.877631],[15.194509,43.872626],[15.184581,43.877102],[15.175141,43.884263],[15.172374,43.887519],[15.136485,43.903022],[15.121349,43.912584],[15.106619,43.925442],[15.066905,43.96955],[15.042817,43.990424],[15.003103,44.052314],[14.983084,44.066311],[14.955089,44.075588],[14.870128,44.140815],[14.867849,44.152045],[14.862966,44.161038],[14.84962,44.175605],[14.855235,44.1765],[14.85963,44.176011],[14.863292,44.175605],[14.882823,44.159166],[14.939138,44.127143],[14.944184,44.120266],[14.948741,44.111151],[14.954438,44.103217],[14.962657,44.09984],[14.976329,44.096666],[14.985118,44.090969],[14.993826,44.087836],[15.007335,44.093004],[15.002778,44.083157],[15.000499,44.079413],[15.014415,44.077948],[15.022716,44.072211],[15.026703,44.062323],[15.027843,44.048651],[15.031912,44.036363],[15.041352,44.026435],[15.088227,43.989651],[15.099132,43.985093],[15.11378,43.983791],[15.116954,43.978827],[15.144542,43.949652]],[[14.876964,44.55976],[14.865896,44.566352],[14.761485,44.658637],[14.743663,44.680487],[14.733653,44.703192],[14.738129,44.703111],[14.741222,44.701606],[14.779959,44.669501],[14.845225,44.600531],[14.8838,44.579657],[14.880138,44.609198],[14.904063,44.610012],[14.938243,44.594143],[14.966319,44.573432],[14.989106,44.546617],[15.003917,44.536078],[15.041189,44.527493],[15.051768,44.516181],[15.061697,44.500718],[15.075531,44.484076],[15.055919,44.486233],[15.028168,44.50316],[15.007335,44.504543],[15.011729,44.514879],[15.014171,44.518744],[14.972911,44.536119],[14.952891,44.54149],[14.942068,44.547431],[14.928559,44.552314],[14.911143,44.552314],[14.911143,44.545478],[14.965994,44.523871],[15.048025,44.439439],[15.09669,44.415188],[15.080821,44.424547],[15.064952,44.437934],[15.051036,44.455268],[15.041515,44.47663],[15.083263,44.461859],[15.176606,44.391303],[15.199067,44.381049],[15.213227,44.369208],[15.241384,44.35106],[15.254405,44.340033],[15.235118,44.336249],[15.211762,44.346137],[15.187348,44.359809],[15.16505,44.367377],[15.16505,44.360541],[15.182872,44.357856],[15.20045,44.349514],[15.215831,44.338121],[15.227061,44.326361],[15.206554,44.326361],[15.208263,44.320746],[15.210948,44.317328],[15.215017,44.314927],[15.220225,44.31273],[15.198904,44.317043],[15.154552,44.331],[15.13087,44.332587],[15.13087,44.326361],[15.172374,44.305325],[15.172374,44.29914],[15.149262,44.303168],[15.128754,44.311998],[15.111176,44.324612],[15.09669,44.340033],[15.09669,44.346259],[15.110362,44.346259],[15.110362,44.353705],[15.102306,44.357164],[15.097179,44.361314],[15.089203,44.374213],[15.099783,44.373603],[15.106944,44.37519],[15.112153,44.379584],[15.117198,44.387193],[15.091645,44.399359],[15.083018,44.401516],[15.073578,44.400458],[15.057791,44.394192],[15.049001,44.39468],[15.038341,44.403266],[15.020763,44.429999],[14.958832,44.466702],[14.949718,44.468085],[14.897472,44.490912],[14.897472,44.497056],[14.903168,44.498481],[14.912852,44.502753],[14.91863,44.504543],[14.906261,44.520901],[14.877615,44.551337],[14.876964,44.55976]],[[14.740489,44.778266],[14.740489,44.770494],[14.742931,44.765774],[14.75408,44.757758],[14.740896,44.76439],[14.724946,44.767646],[14.709972,44.76789],[14.699474,44.765204],[14.657888,44.798774],[14.670421,44.799506],[14.682872,44.798774],[14.694835,44.796454],[14.70574,44.792548],[14.70574,44.798774],[14.702322,44.802151],[14.701427,44.804348],[14.701345,44.807318],[14.699474,44.813056],[14.715831,44.803168],[14.719981,44.798774],[14.726817,44.798774],[14.714122,44.818427],[14.705821,44.82685],[14.692068,44.833482],[14.689789,44.836737],[14.685802,44.847154],[14.706798,44.844957],[14.726817,44.840277],[14.724132,44.844428],[14.719981,44.854641],[14.739024,44.85342],[14.753266,44.845852],[14.756114,44.835679],[14.740489,44.826646],[14.740489,44.820502],[14.748057,44.816799],[14.787364,44.789252],[14.811534,44.779202],[14.822439,44.77143],[14.851248,44.737291],[14.85906,44.717353],[14.84962,44.703192],[14.821462,44.720649],[14.77296,44.760321],[14.740489,44.778266]],[[14.513927,44.662177],[14.508067,44.653306],[14.508556,44.645331],[14.514985,44.642157],[14.527517,44.647895],[14.534353,44.634263],[14.527354,44.627143],[14.520356,44.621527],[14.513357,44.618842],[14.502289,44.620266],[14.472992,44.620266],[14.427908,44.656562],[14.394542,44.707587],[14.397227,44.751614],[14.392751,44.752509],[14.389903,44.754055],[14.38738,44.755805],[14.383556,44.757758],[14.374522,44.753852],[14.368175,44.761054],[14.364268,44.7744],[14.363048,44.806545],[14.361583,44.815985],[14.356619,44.81977],[14.346039,44.820502],[14.329845,44.83393],[14.314138,44.893785],[14.2942,44.908637],[14.295177,44.913072],[14.296235,44.91592],[14.301524,44.922309],[14.292491,44.940334],[14.301524,44.943427],[14.325206,44.93651],[14.332286,44.932196],[14.350271,44.912909],[14.35963,44.908637],[14.377126,44.908149],[14.38738,44.909003],[14.39324,44.914781],[14.397227,44.929104],[14.393565,44.93476],[14.389008,44.950344],[14.39031,44.960395],[14.404063,44.94953],[14.411388,44.956366],[14.391449,44.969428],[14.37672,44.986884],[14.34669,45.047553],[14.340831,45.055609],[14.287446,45.10106],[14.278494,45.113349],[14.27768,45.127997],[14.288585,45.14883],[14.299571,45.16234],[14.31365,45.172431],[14.331879,45.175849],[14.356212,45.169257],[14.364106,45.15762],[14.360525,45.117621],[14.363048,45.093573],[14.36964,45.075507],[14.387706,45.039049],[14.412283,45.003648],[14.417654,44.997992],[14.430837,44.990302],[14.453868,44.987982],[14.466075,44.98371],[14.473481,44.971422],[14.471039,44.953925],[14.462576,44.935981],[14.451915,44.922309],[14.459239,44.915432],[14.449962,44.898017],[14.448497,44.883734],[14.451915,44.850898],[14.464854,44.821438],[14.466563,44.804836],[14.451915,44.798774],[14.457042,44.787746],[14.469249,44.773098],[14.472911,44.765204],[14.473888,44.754543],[14.467621,44.742133],[14.466075,44.729804],[14.472179,44.707953],[14.485606,44.692084],[14.501313,44.678168],[14.513927,44.662177]],[[14.723399,44.943345],[14.706391,44.946723],[14.657888,44.970038],[14.628917,44.978176],[14.624522,44.9855],[14.62379,45.00141],[14.626313,45.037258],[14.62086,45.0456],[14.603282,45.038967],[14.603282,45.032172],[14.616954,45.024644],[14.590668,45.023261],[14.510509,45.032172],[14.485362,45.038031],[14.460134,45.052395],[14.438731,45.070502],[14.425059,45.087348],[14.433116,45.095852],[14.44158,45.099799],[14.451182,45.10102],[14.462657,45.10102],[14.466482,45.105292],[14.465831,45.114691],[14.467052,45.124091],[14.476329,45.128363],[14.514008,45.129055],[14.530121,45.134833],[14.521251,45.14883],[14.53419,45.162177],[14.539561,45.170396],[14.541759,45.1789],[14.539399,45.186835],[14.535899,45.194159],[14.536876,45.201728],[14.548025,45.210273],[14.549815,45.221422],[14.548839,45.23017],[14.543793,45.235745],[14.534353,45.237535],[14.548839,45.248725],[14.563324,45.249742],[14.595876,45.237535],[14.58546,45.23786],[14.582205,45.237535],[14.583995,45.23017],[14.587169,45.224351],[14.591319,45.219875],[14.595876,45.216498],[14.610688,45.198065],[14.62379,45.175482],[14.597423,45.166449],[14.612559,45.159247],[14.643728,45.156806],[14.665294,45.161811],[14.670909,45.143459],[14.658946,45.108344],[14.665294,45.087348],[14.678071,45.07746],[14.695974,45.073432],[14.740489,45.073065],[14.740001,45.044338],[14.799815,45.005194],[14.814952,44.977484],[14.808767,44.977484],[14.797211,44.97134],[14.784679,44.969306],[14.772227,44.97134],[14.760916,44.977484],[14.747244,44.970038],[14.747244,44.963813],[14.760753,44.955146],[14.756847,44.948717],[14.742035,44.944729],[14.723399,44.943345]],[[-1.21939,45.943915],[-1.224355,45.935045],[-1.213938,45.928046],[-1.18517,45.915961],[-1.177724,45.906928],[-1.176096,45.898749],[-1.184193,45.85635],[-1.194569,45.830064],[-1.209218,45.814154],[-1.226877,45.81977],[-1.2412,45.85456],[-1.24942,45.867743],[-1.260365,45.881822],[-1.319,45.928127],[-1.340159,45.938666],[-1.361724,45.956732],[-1.378326,45.975979],[-1.373891,45.984931],[-1.371653,45.995307],[-1.382924,46.0185],[-1.404937,46.053168],[-1.373891,46.050238],[-1.339915,46.037828],[-1.308705,46.02025],[-1.285146,46.001654],[-1.273834,45.997626],[-1.26122,46.000678],[-1.247629,46.001776],[-1.233632,45.991685],[-1.229563,45.979234],[-1.231191,45.967922],[-1.230458,45.958197],[-1.21939,45.950751],[-1.21939,45.943915]],[[-2.082672,49.26024],[-2.06786,49.250678],[-2.02066,49.235256],[-2.021962,49.225491],[-2.017323,49.221381],[-2.011871,49.215277],[-2.00829,49.21247],[-2.016998,49.207221],[-2.020985,49.200751],[-2.022043,49.19245],[-2.021962,49.181383],[-2.024526,49.171332],[-2.031158,49.171454],[-2.040028,49.175727],[-2.049224,49.17829],[-2.079986,49.178697],[-2.096995,49.183661],[-2.120229,49.199164],[-2.128896,49.20307],[-2.137929,49.205634],[-2.144846,49.205634],[-2.152943,49.199937],[-2.160634,49.190741],[-2.168691,49.17829],[-2.177154,49.180162],[-2.189687,49.189114],[-2.200103,49.191962],[-2.202952,49.190416],[-2.223378,49.184719],[-2.233632,49.184516],[-2.226471,49.206],[-2.233225,49.228502],[-2.242014,49.247952],[-2.241119,49.26024],[-2.22936,49.263007],[-2.215199,49.26024],[-2.196278,49.253404],[-2.182729,49.254055],[-2.172353,49.256252],[-2.162709,49.260403],[-2.151682,49.267035],[-2.143788,49.261868],[-2.121978,49.258287],[-2.110666,49.253404],[-2.103871,49.258205],[-2.097564,49.25967],[-2.082672,49.26024]],[[-1.082753,50.713324],[-1.062327,50.692816],[-1.062327,50.685289],[-1.066965,50.685248],[-1.069651,50.683498],[-1.071889,50.680976],[-1.075307,50.678534],[-1.112701,50.671454],[-1.128651,50.666449],[-1.156361,50.650784],[-1.162221,50.645982],[-1.164703,50.640937],[-1.164133,50.619371],[-1.165028,50.608222],[-1.168446,50.603461],[-1.279205,50.582506],[-1.315541,50.589179],[-1.445953,50.648139],[-1.452789,50.654283],[-1.485951,50.669338],[-1.497426,50.672309],[-1.535146,50.669379],[-1.551503,50.665107],[-1.569488,50.658026],[-1.545318,50.686103],[-1.50593,50.707709],[-1.418691,50.733791],[-1.420888,50.730455],[-1.423451,50.7237],[-1.425364,50.72012],[-1.400868,50.721991],[-1.377553,50.734198],[-1.343495,50.761054],[-1.318512,50.772162],[-1.295766,50.773179],[-1.144276,50.733791],[-1.119537,50.734198],[-1.10912,50.732856],[-1.097035,50.726955],[-1.096425,50.724433],[-1.097646,50.71601],[-1.097035,50.713324],[-1.094228,50.712633],[-1.085561,50.714016],[-1.082753,50.713324]],[[10.964122,34.656684],[10.973837,34.66301],[10.987153,34.67178],[11.101329,34.670966],[11.110842,34.659506],[11.095889,34.646981],[11.055708,34.620962],[11.036499,34.624311],[11.016612,34.632514],[10.983499,34.645917],[10.964122,34.656684]],[[-7.955719,36.980536],[-7.903961,36.97484],[-7.884023,36.980862],[-7.860097,37.000434],[-7.857818,36.997463],[-7.856068,36.994208],[-7.853261,36.986762],[-7.85912,36.983385],[-7.860097,36.980536],[-7.878489,36.970852],[-7.903879,36.965888],[-7.931386,36.966498],[-7.955719,36.97309],[-7.955719,36.980536]],[[-0.732737,37.747748],[-0.741851,37.725531],[-0.740142,37.70246],[-0.726471,37.665188],[-0.746897,37.683783],[-0.75121,37.713284],[-0.750315,37.746039],[-0.754506,37.7744],[-0.74942,37.774888],[-0.748199,37.773179],[-0.748199,37.770494],[-0.746978,37.768215],[-0.743642,37.763983],[-0.737538,37.753648],[-0.732737,37.747748]],[[12.273204,37.939521],[12.286957,37.938544],[12.297048,37.941311],[12.305431,37.944973],[12.31422,37.946357],[12.3213,37.940497],[12.336762,37.933051],[12.354666,37.926988],[12.368826,37.925238],[12.357677,37.914049],[12.342133,37.913235],[12.326182,37.918362],[12.31422,37.925238],[12.299653,37.919257],[12.287771,37.921536],[12.278656,37.929185],[12.273204,37.939521]],[[14.966319,38.432929],[14.966319,38.418687],[14.982432,38.412421],[14.993663,38.403022],[15.00172,38.391262],[15.007335,38.377672],[14.998546,38.371039],[14.986827,38.364081],[14.963552,38.381659],[14.948253,38.39643],[14.945323,38.412258],[14.958832,38.432929],[14.966319,38.432929]],[[14.907725,38.473944],[14.899425,38.481676],[14.900645,38.498684],[14.909679,38.515326],[14.924815,38.522366],[14.957856,38.52204],[14.966075,38.516262],[14.958832,38.501858],[14.965505,38.497545],[14.974132,38.490058],[14.97934,38.487535],[14.97934,38.481391],[14.952647,38.481391],[14.957856,38.46955],[14.961192,38.464993],[14.966319,38.460883],[14.966319,38.453437],[14.948741,38.450914],[14.934581,38.458645],[14.92156,38.468817],[14.907725,38.473944]],[[14.863292,38.549018],[14.861664,38.539293],[14.823985,38.551825],[14.793793,38.571601],[14.814952,38.583808],[14.85141,38.584906],[14.866954,38.581122],[14.876964,38.569525],[14.871918,38.565253],[14.868907,38.560492],[14.863292,38.549018]],[[10.895844,42.386705],[10.91346,42.375241],[10.927307,42.353301],[10.929558,42.34056],[10.939764,42.33066],[10.923331,42.318728],[10.908946,42.325263],[10.871702,42.354052],[10.861827,42.366278],[10.876368,42.374439],[10.875824,42.386786],[10.882986,42.392157],[10.895844,42.386705]],[[9.456554,42.647406],[9.482107,42.620103],[9.476899,42.620103],[9.476817,42.619086],[9.456554,42.647406]],[[9.840099,43.065172],[9.841807,43.063422],[9.843923,43.060696],[9.847504,43.05858],[9.854811,43.044275],[9.842127,43.024956],[9.822954,43.008459],[9.801498,43.007805],[9.784595,43.028442],[9.806944,43.066408],[9.825777,43.07463],[9.840099,43.065172]],[[15.678884,43.648017],[15.740408,43.627509],[15.681326,43.640326],[15.672048,43.637437],[15.663097,43.645697],[15.61964,43.668931],[15.60377,43.674709],[15.611339,43.682115],[15.615489,43.676988],[15.61964,43.675442],[15.650157,43.673041],[15.661632,43.665473],[15.669688,43.655748],[15.678884,43.648017]],[[15.261241,43.867092],[15.266368,43.857001],[15.342459,43.811835],[15.35434,43.80036],[15.367361,43.790107],[15.395681,43.772406],[15.386974,43.776842],[15.327973,43.796332],[15.30893,43.805609],[15.288422,43.825507],[15.261241,43.839789],[15.247895,43.849026],[15.233409,43.862209],[15.227794,43.874457],[15.240733,43.880764],[15.261241,43.867092]],[[14.842784,44.148261],[14.850434,44.152248],[14.85727,44.152045],[14.86378,44.148139],[14.869151,44.14053],[14.85613,44.136868],[14.835216,44.141669],[14.819835,44.153022],[14.822439,44.168687],[14.827403,44.157904],[14.83546,44.151028],[14.842784,44.148261]],[[12.352061,45.405463],[12.371837,45.424872],[12.389171,45.433539],[12.407481,45.43065],[12.430919,45.415676],[12.418224,45.420356],[12.404796,45.422268],[12.376231,45.422553],[12.321462,45.348009],[12.319998,45.354153],[12.327891,45.37226],[12.352061,45.405463]],[[-2.337229,46.731594],[-2.298207,46.72016],[-2.279693,46.710273],[-2.268951,46.697414],[-2.291371,46.703599],[-2.371409,46.704291],[-2.382924,46.722642],[-2.375152,46.731635],[-2.356801,46.733791],[-2.337229,46.731594]],[[-5.050282,48.478827],[-5.048166,48.476508],[-5.046254,48.473822],[-5.042958,48.471991],[-5.03661,48.472602],[-5.03661,48.465155],[-5.087961,48.447211],[-5.10554,48.444648],[-5.10554,48.451483],[-5.102162,48.45185],[-5.095123,48.451117],[-5.091868,48.451483],[-5.097768,48.46133],[-5.107411,48.463365],[-5.132802,48.458319],[-5.132802,48.465155],[-5.091786,48.48078],[-5.069,48.485053],[-5.050282,48.478827]],[[-0.959869,50.808254],[-0.959869,50.802069],[-0.954579,50.798814],[-0.945627,50.791815],[-0.938832,50.788398],[-0.938832,50.780951],[-1.020741,50.788398],[-1.020741,50.795152],[-0.998687,50.801011],[-0.972564,50.829779],[-0.959869,50.829332],[-0.950307,50.823798],[-0.947825,50.817816],[-0.951405,50.812445],[-0.959869,50.808254]],[[-15.86441,30.152533],[-15.855458,30.146918],[-15.85497,30.139594],[-15.859771,30.133287],[-15.863271,30.13467],[-15.870229,30.136176],[-15.874745,30.137926],[-15.874094,30.139716],[-15.874135,30.141669],[-15.873443,30.143541],[-15.86441,30.152533]],[[12.859874,35.872219],[12.867035,35.87226],[12.874034,35.866441],[12.87672,35.855862],[12.872569,35.852281],[12.856944,35.852281],[12.850922,35.855902],[12.845876,35.862698],[12.847016,35.868313],[12.853526,35.871243],[12.859874,35.872219]],[[14.346446,38.535142],[14.342784,38.547268],[14.357188,38.551215],[14.36085,38.539049],[14.346446,38.535142]],[[14.57602,38.576646],[14.5796,38.566148],[14.585216,38.560981],[14.58546,38.55744],[14.573578,38.556545],[14.551606,38.561591],[14.543712,38.57453],[14.542491,38.586859],[14.546235,38.587958],[14.563975,38.58454],[14.57602,38.576646]],[[13.169281,38.717271],[13.18572,38.717515],[13.195974,38.711493],[13.197439,38.708319],[13.176768,38.69302],[13.165212,38.691067],[13.153494,38.69477],[13.153087,38.702297],[13.157888,38.709866],[13.169281,38.717271]],[[15.227794,38.810289],[15.23463,38.807807],[15.239268,38.804023],[15.237478,38.795966],[15.232432,38.789293],[15.229666,38.783026],[15.22462,38.776801],[15.217459,38.773017],[15.206065,38.775214],[15.187022,38.789008],[15.187022,38.792711],[15.194102,38.798082],[15.203624,38.801581],[15.208751,38.805894],[15.212087,38.810452],[15.218598,38.811957],[15.227794,38.810289]],[[13.418956,40.7956],[13.424164,40.800238],[13.431977,40.801459],[13.426931,40.790839],[13.414724,40.785875],[13.418956,40.7956]],[[-2.363759,49.446845],[-2.356353,49.440375],[-2.3544,49.427802],[-2.364654,49.417873],[-2.373525,49.411566],[-2.378082,49.412746],[-2.374827,49.419176],[-2.373118,49.424262],[-2.375885,49.430406],[-2.375478,49.435452],[-2.372629,49.438056],[-2.369862,49.442084],[-2.366119,49.445746],[-2.363759,49.446845]],[[-2.174469,49.731391],[-2.170318,49.728746],[-2.170318,49.723212],[-2.187896,49.710639],[-2.200836,49.705715],[-2.216868,49.70303],[-2.226226,49.707831],[-2.218495,49.718695],[-2.204701,49.724107],[-2.194814,49.724799],[-2.178619,49.730902],[-2.174469,49.731391]],[[-6.298818,49.935492],[-6.292226,49.932074],[-6.284169,49.922756],[-6.287506,49.914008],[-6.297271,49.909613],[-6.309153,49.913642],[-6.307444,49.927436],[-6.298818,49.935492]],[[-6.333648,49.959703],[-6.328033,49.95661],[-6.326487,49.949205],[-6.332509,49.941718],[-6.341217,49.94477],[-6.348053,49.956204],[-6.348948,49.964342],[-6.341786,49.963609],[-6.336822,49.960924],[-6.333648,49.959703]],[[12.621755,35.509752],[12.621267,35.508246],[12.623871,35.501614],[12.621267,35.492336],[12.611095,35.489244],[12.603038,35.4914],[12.598318,35.49433],[12.593923,35.494452],[12.555675,35.508043],[12.536143,35.5126],[12.526134,35.516669],[12.533865,35.521633],[12.555675,35.521226],[12.566905,35.519029],[12.612804,35.515326],[12.621267,35.513373],[12.623709,35.511908],[12.621755,35.509752]],[[12.072276,37.967922],[12.077891,37.96011],[12.079275,37.950263],[12.064789,37.950832],[12.047618,37.960761],[12.03712,37.9737],[12.030447,37.984361],[12.035981,37.991034],[12.053559,37.992418],[12.064464,37.986233],[12.072276,37.967922]],[[-9.041127,38.867621],[-9.035268,38.870551],[-9.034576,38.864203],[-9.041412,38.849189],[-9.054555,38.832994],[-9.07315,38.818183],[-9.079661,38.820136],[-9.071401,38.837592],[-9.061391,38.85224],[-9.05012,38.861721],[-9.043935,38.86579],[-9.041127,38.867621]],[[2.985367,39.166176],[2.982308,39.139184],[2.962154,39.116062],[2.930867,39.118176],[2.913614,39.151963],[2.940424,39.17193],[2.980582,39.18556],[2.985367,39.166176]],[[9.474783,41.23607],[9.478363,41.228461],[9.479503,41.224189],[9.479259,41.216946],[9.471039,41.189602],[9.474376,41.184272],[9.474864,41.179267],[9.470388,41.172105],[9.464366,41.172675],[9.456391,41.18065],[9.448741,41.185533],[9.441661,41.183051],[9.437022,41.18594],[9.447765,41.205064],[9.443533,41.211493],[9.446462,41.220404],[9.453868,41.233954],[9.459972,41.242377],[9.468028,41.241116],[9.474783,41.23607]],[[9.430919,41.224799],[9.434255,41.220608],[9.435313,41.217027],[9.395274,41.210598],[9.376964,41.213324],[9.373057,41.22191],[9.373057,41.229885],[9.377615,41.233832],[9.384939,41.236518],[9.391856,41.240709],[9.396251,41.247748],[9.39796,41.256049],[9.402192,41.257514],[9.40797,41.258124],[9.414236,41.262437],[9.421886,41.260891],[9.427419,41.254096],[9.430512,41.246283],[9.430431,41.237779],[9.429047,41.229397],[9.430919,41.224799]],[[10.297048,42.344875],[10.306407,42.351549],[10.315929,42.340766],[10.313243,42.32392],[10.294444,42.32803],[10.297048,42.344875]],[[10.091645,42.595771],[10.096039,42.590725],[10.097911,42.587958],[10.097911,42.583889],[10.095388,42.576972],[10.085785,42.572455],[10.071788,42.57274],[10.058604,42.575995],[10.050304,42.581936],[10.052582,42.589016],[10.062755,42.592027],[10.072602,42.600409],[10.079438,42.613918],[10.084321,42.614691],[10.087657,42.60399],[10.091645,42.595771]],[[6.235037,43.022406],[6.241885,43.02565],[6.251004,43.017297],[6.252209,43.002632],[6.230235,42.995347],[6.216482,42.990383],[6.202485,42.987128],[6.190115,42.99018],[6.166189,42.999661],[6.164724,43.005072],[6.175141,43.008979],[6.202973,43.008002],[6.211599,43.011623],[6.215017,43.014716],[6.218272,43.015448],[6.221039,43.01496],[6.233393,43.015582],[6.235037,43.022406]],[[14.759776,44.29206],[14.773448,44.285142],[14.791677,44.272528],[14.789724,44.266913],[14.775401,44.266588],[14.765961,44.265041],[14.759939,44.259833],[14.748546,44.261664],[14.738129,44.272121],[14.739594,44.280178],[14.749685,44.280219],[14.753184,44.283515],[14.753184,44.291002],[14.759776,44.29206]],[[14.613455,44.340806],[14.643565,44.325751],[14.661388,44.308661],[14.6574,44.305243],[14.640798,44.311835],[14.598888,44.339057],[14.595063,44.347113],[14.613455,44.340806]],[[14.797862,44.377672],[14.805675,44.367825],[14.811209,44.350043],[14.801036,44.343085],[14.785167,44.346869],[14.774181,44.352484],[14.756196,44.364],[14.757823,44.37226],[14.76824,44.384223],[14.763438,44.415351],[14.7671,44.416653],[14.771658,44.417873],[14.782888,44.418931],[14.79477,44.414496],[14.803233,44.405504],[14.805024,44.395738],[14.799653,44.387641],[14.796723,44.381293],[14.797862,44.377672]],[[14.244151,44.661444],[14.265798,44.679511],[14.280447,44.677558],[14.28004,44.667792],[14.274181,44.661689],[14.260916,44.659491],[14.259451,44.658189],[14.257335,44.656724],[14.256847,44.653062],[14.258474,44.647854],[14.256358,44.642401],[14.256684,44.63703],[14.259044,44.634101],[14.265798,44.625393],[14.271169,44.612535],[14.264008,44.611558],[14.252208,44.616848],[14.239757,44.619859],[14.232595,44.626044],[14.233572,44.634833],[14.235606,44.642239],[14.244151,44.661444]],[[12.329845,45.458808],[12.347179,45.458808],[12.36378,45.449652],[12.362071,45.438137],[12.352224,45.433987],[12.33725,45.427395],[12.320649,45.429836],[12.31658,45.443061],[12.329845,45.458808]],[[11.265798,34.773383],[11.274849,34.770376],[11.280528,34.762885],[11.304796,34.742294],[11.297035,34.728693],[11.199657,34.69472],[11.149096,34.669287],[11.130746,34.663291],[11.122306,34.680426],[11.136155,34.693888],[11.152687,34.706877],[11.170647,34.728592],[11.17312,34.742433],[11.172252,34.748801],[11.173025,34.758002],[11.180948,34.761782],[11.183116,34.752183],[11.198189,34.74402],[11.222111,34.747645],[11.224303,34.770057],[11.217502,34.781615],[11.225252,34.795222],[11.237125,34.80419],[11.245265,34.814966],[11.25427,34.825822],[11.270763,34.817857],[11.299484,34.814179],[11.304171,34.805289],[11.278087,34.797675],[11.274425,34.791734],[11.26824,34.785346],[11.265798,34.773383]],[[14.256602,36.075588],[14.282563,36.067857],[14.314789,36.051093],[14.334239,36.034369],[14.322032,36.027167],[14.304454,36.026597],[14.277599,36.016669],[14.26002,36.013495],[14.241466,36.014635],[14.220876,36.019192],[14.201182,36.026068],[14.184906,36.034613],[14.187999,36.045396],[14.184337,36.056301],[14.183604,36.064765],[14.195486,36.068101],[14.256602,36.075588]],[[11.999522,36.835924],[12.037608,36.806627],[12.051524,36.790351],[12.053477,36.767646],[12.03061,36.74136],[11.996104,36.74494],[11.961192,36.765204],[11.937348,36.788764],[11.932953,36.79564],[11.924978,36.811957],[11.922211,36.828355],[11.934337,36.835924],[11.938813,36.837063],[11.946137,36.841702],[11.951345,36.84276],[11.957693,36.840562],[11.967296,36.831204],[11.971446,36.829088],[11.980642,36.827094],[11.987315,36.824164],[11.992931,36.825385],[11.999522,36.835924]],[[8.455903,39.073554],[8.458018,39.068061],[8.463145,39.065253],[8.4699,39.06566],[8.47641,39.06977],[8.477306,39.070705],[8.479177,39.072211],[8.483897,39.06977],[8.464041,39.056545],[8.459321,39.049791],[8.46339,39.042467],[8.453949,39.028144],[8.446544,38.99433],[8.437022,38.96719],[8.432465,38.962836],[8.421886,38.960517],[8.409841,38.961819],[8.406016,38.966946],[8.40504,38.974026],[8.401378,38.981024],[8.364919,39.029486],[8.349294,39.062161],[8.353526,39.083441],[8.353526,39.090888],[8.346039,39.090888],[8.346039,39.097724],[8.360362,39.11815],[8.385916,39.105048],[8.417654,39.106594],[8.444591,39.102729],[8.455903,39.073554]],[[13.944672,40.701606],[13.934825,40.705634],[13.91977,40.704495],[13.903494,40.700019],[13.890147,40.694159],[13.882009,40.69953],[13.859711,40.70775],[13.849132,40.715277],[13.85613,40.734849],[13.861501,40.744045],[13.870128,40.748725],[13.867198,40.752631],[13.862804,40.762397],[13.883149,40.762397],[13.9463,40.745185],[13.965831,40.735053],[13.962657,40.728949],[13.962413,40.723131],[13.965831,40.715277],[13.958669,40.711819],[13.944672,40.701606]],[[8.27475,41.057278],[8.25115,41.043769],[8.250987,41.016099],[8.24643,40.993638],[8.209646,40.995795],[8.217621,41.005032],[8.22169,41.01439],[8.223155,41.023993],[8.223155,41.033637],[8.228852,41.041734],[8.241384,41.052069],[8.260753,41.064643],[8.275645,41.06977],[8.277843,41.081732],[8.275645,41.095404],[8.277843,41.105658],[8.284353,41.106879],[8.302094,41.105048],[8.305837,41.109076],[8.307953,41.113837],[8.313324,41.118598],[8.326182,41.126125],[8.325938,41.118354],[8.327973,41.112494],[8.332367,41.105658],[8.34197,41.097846],[8.344737,41.086249],[8.341319,41.074123],[8.332367,41.064643],[8.27475,41.057278]],[[15.302745,43.966376],[15.29713,43.978095],[15.270193,44.000312],[15.261241,44.011054],[15.280284,44.01081],[15.296397,44.005601],[15.349946,43.976304],[15.378591,43.971666],[15.384044,43.97016],[15.386567,43.964423],[15.389415,43.947659],[15.391612,43.942206],[15.397634,43.937201],[15.411143,43.932929],[15.418793,43.929145],[15.426768,43.922065],[15.435395,43.911282],[15.442719,43.899075],[15.446056,43.887519],[15.438731,43.890692],[15.431407,43.892768],[15.423676,43.893988],[15.41505,43.894436],[15.407074,43.896145],[15.403575,43.900214],[15.401541,43.904771],[15.397716,43.908108],[15.372081,43.913886],[15.358653,43.919379],[15.349946,43.929145],[15.35434,43.931464],[15.356781,43.93537],[15.343516,43.939643],[15.32545,43.948432],[15.309581,43.958441],[15.302745,43.966376]],[[15.254405,44.01789],[15.241873,44.027777],[15.23227,44.041449],[15.223318,44.050279],[15.212738,44.045233],[15.206554,44.045233],[15.205333,44.04975],[15.20338,44.052476],[15.201427,44.054999],[15.199067,44.058824],[15.189138,44.047797],[15.169688,44.058661],[15.148774,44.076361],[15.121837,44.092231],[15.087087,44.123725],[15.068696,44.133979],[15.070811,44.137641],[15.071137,44.138495],[15.072032,44.138821],[15.075531,44.140815],[15.071462,44.146389],[15.062511,44.161933],[15.225759,44.06623],[15.247081,44.046698],[15.254405,44.01789]],[[-2.58023,49.493598],[-2.55956,49.499335],[-2.538197,49.509833],[-2.518219,49.51553],[-2.501698,49.506659],[-2.505767,49.497992],[-2.522125,49.479967],[-2.526723,49.458482],[-2.532948,49.442857],[-2.532786,49.43891],[-2.534088,49.436225],[-2.541982,49.430894],[-2.552073,49.426703],[-2.558705,49.427191],[-2.564849,49.429511],[-2.57311,49.430894],[-2.669342,49.430894],[-2.673451,49.433498],[-2.670766,49.438788],[-2.662953,49.443793],[-2.651845,49.445217],[-2.656565,49.459418],[-2.650258,49.46369],[-2.637929,49.463853],[-2.624623,49.465725],[-2.58023,49.493598]],[[-15.391591,28.030219],[-15.383453,28.024319],[-15.367584,28.015815],[-15.363637,28.009711],[-15.366282,27.993476],[-15.374135,27.975491],[-15.376698,27.957506],[-15.363637,27.941474],[-15.363637,27.934638],[-15.374623,27.929877],[-15.381907,27.92121],[-15.391591,27.899848],[-15.382721,27.885484],[-15.375966,27.86758],[-15.377838,27.852281],[-15.394683,27.845893],[-15.406972,27.838324],[-15.439198,27.80268],[-15.453033,27.791246],[-15.523427,27.771674],[-15.534901,27.766425],[-15.539662,27.765611],[-15.566029,27.739407],[-15.577952,27.734361],[-15.588246,27.738918],[-15.597727,27.746283],[-15.607249,27.750312],[-15.650502,27.753119],[-15.669545,27.757148],[-15.685699,27.763332],[-15.739654,27.804348],[-15.747874,27.814521],[-15.751861,27.821357],[-15.772817,27.831977],[-15.781972,27.838446],[-15.786,27.844224],[-15.815053,27.901272],[-15.821197,27.92178],[-15.81607,27.941474],[-15.820058,27.952867],[-15.821767,27.968329],[-15.820627,27.984076],[-15.81607,27.996039],[-15.806996,28.005032],[-15.76769,28.023993],[-15.749827,28.035956],[-15.725209,28.056871],[-15.708363,28.081936],[-15.713694,28.105902],[-15.702138,28.115058],[-15.69811,28.133043],[-15.700063,28.152899],[-15.706207,28.167385],[-15.695058,28.168199],[-15.684397,28.167629],[-15.674428,28.165269],[-15.665273,28.160549],[-15.650787,28.163886],[-15.597035,28.147528],[-15.521311,28.147528],[-15.45873,28.134223],[-15.435048,28.140937],[-15.43871,28.174872],[-15.409291,28.179755],[-15.405263,28.177924],[-15.399892,28.165025],[-15.400136,28.157213],[-15.408559,28.153754],[-15.415639,28.141506],[-15.414947,28.114488],[-15.408559,28.074897],[-15.406239,28.068061],[-15.40392,28.056301],[-15.399648,28.04267],[-15.391591,28.030219]],[[-13.972646,28.735907],[-13.935414,28.749498],[-13.898671,28.753892],[-13.864573,28.744208],[-13.83552,28.715481],[-13.824371,28.681789],[-13.821156,28.636664],[-13.828684,28.551581],[-13.835194,28.530748],[-13.852935,28.492743],[-13.856557,28.47899],[-13.857737,28.445502],[-13.856557,28.434882],[-13.853627,28.428412],[-13.84435,28.414293],[-13.842926,28.406928],[-13.847768,28.397406],[-13.865712,28.38288],[-13.869618,28.376899],[-13.870107,28.367743],[-13.871816,28.357978],[-13.875152,28.349066],[-13.892079,28.328192],[-13.900217,28.311103],[-13.911285,28.277248],[-13.933705,28.244208],[-13.966786,28.227973],[-14.072581,28.212836],[-14.11856,28.200507],[-14.152008,28.179999],[-14.19164,28.170844],[-14.212229,28.160549],[-14.244537,28.129218],[-14.271392,28.096137],[-14.30134,28.067857],[-14.34317,28.050686],[-14.369008,28.050767],[-14.408315,28.066962],[-14.428619,28.071194],[-14.494862,28.067816],[-14.507069,28.071194],[-14.503407,28.074774],[-14.499257,28.086575],[-14.496449,28.098538],[-14.496897,28.102525],[-14.489735,28.104315],[-14.455556,28.099107],[-14.436025,28.100531],[-14.398915,28.111233],[-14.341176,28.134508],[-14.270131,28.175971],[-14.240142,28.201565],[-14.224436,28.218573],[-14.213531,28.234931],[-14.207387,28.254381],[-14.201894,28.3039],[-14.193227,28.321845],[-14.171295,28.352362],[-14.146392,28.423326],[-14.140859,28.434882],[-14.127919,28.44359],[-14.098297,28.48664],[-14.075551,28.536119],[-14.036122,28.587388],[-14.024566,28.637112],[-14.010121,28.667467],[-14.005279,28.703599],[-13.999908,28.716742],[-13.989491,28.726874],[-13.972646,28.735907]],[[-13.482981,29.239936],[-13.465403,29.243313],[-13.446604,29.232978],[-13.417795,29.20893],[-13.427602,29.188707],[-13.431508,29.172431],[-13.438791,29.159003],[-13.45873,29.147406],[-13.462392,29.132148],[-13.459137,29.118598],[-13.45401,29.104071],[-13.451894,29.086005],[-13.453847,29.078925],[-13.46227,29.065741],[-13.465566,29.058051],[-13.466217,29.04975],[-13.464589,29.032172],[-13.465566,29.023912],[-13.482045,28.999457],[-13.510487,28.977484],[-13.54304,28.961737],[-13.589955,28.951361],[-13.599721,28.942043],[-13.607574,28.932603],[-13.619781,28.928371],[-13.635487,28.927232],[-13.658437,28.922593],[-13.674387,28.921536],[-13.709299,28.9147],[-13.736073,28.89647],[-13.757192,28.870307],[-13.774648,28.839586],[-13.780873,28.839586],[-13.791493,28.853461],[-13.812123,28.859076],[-13.85969,28.859442],[-13.867299,28.864895],[-13.873647,28.876858],[-13.876332,28.888821],[-13.873036,28.894232],[-13.861928,28.897406],[-13.853424,28.904975],[-13.842926,28.921536],[-13.839101,28.937893],[-13.835072,28.987209],[-13.832102,29.000393],[-13.798492,29.048082],[-13.780873,29.064887],[-13.766835,29.074042],[-13.750559,29.080634],[-13.731435,29.084662],[-13.708892,29.086005],[-13.690175,29.090888],[-13.656484,29.116034],[-13.63683,29.126939],[-13.618276,29.132392],[-13.602366,29.134263],[-13.551178,29.134223],[-13.537221,29.138251],[-13.526112,29.150295],[-13.513987,29.17475],[-13.503163,29.208157],[-13.495473,29.225084],[-13.482981,29.239936]],[[3.354503,39.784369],[3.383149,39.77794],[3.439789,39.75198],[3.474376,39.749701],[3.468516,39.739325],[3.469412,39.731065],[3.472667,39.723578],[3.474376,39.715522],[3.470551,39.710313],[3.464366,39.706407],[3.461436,39.700059],[3.46754,39.687567],[3.453868,39.659695],[3.443207,39.645779],[3.429942,39.639838],[3.413097,39.635077],[3.401866,39.623236],[3.398692,39.607733],[3.406016,39.591986],[3.365408,39.563056],[3.323253,39.523871],[3.291759,39.475775],[3.282481,39.420111],[3.272716,39.42475],[3.268809,39.427558],[3.252615,39.386176],[3.221039,39.35989],[3.129405,39.315741],[3.090994,39.290066],[3.083263,39.280097],[3.079112,39.276882],[3.069998,39.271755],[3.060802,39.26907],[3.056651,39.272976],[3.029307,39.304633],[3.02296,39.308173],[3.007335,39.313747],[3.001313,39.317694],[2.996755,39.326972],[2.99464,39.337958],[2.991384,39.347276],[2.984223,39.351142],[2.974457,39.353461],[2.958832,39.363227],[2.950043,39.365505],[2.938162,39.364366],[2.922374,39.359727],[2.912608,39.358669],[2.82545,39.363593],[2.786632,39.375922],[2.761729,39.400214],[2.751231,39.454779],[2.736583,39.462104],[2.739513,39.478298],[2.754893,39.502631],[2.7435,39.523383],[2.715099,39.543524],[2.681651,39.558661],[2.655284,39.564724],[2.633474,39.559272],[2.569102,39.531521],[2.555675,39.520046],[2.544932,39.492987],[2.520193,39.472846],[2.492686,39.470242],[2.473806,39.495795],[2.47169,39.497911],[2.469005,39.505886],[2.472179,39.512152],[2.480642,39.516221],[2.453949,39.537421],[2.445811,39.528876],[2.438162,39.525214],[2.431163,39.527696],[2.425955,39.537421],[2.398285,39.52497],[2.391856,39.523749],[2.382091,39.529242],[2.373709,39.547187],[2.355642,39.558661],[2.350759,39.576483],[2.351736,39.596747],[2.357677,39.611884],[2.429373,39.646674],[2.45045,39.650336],[2.468272,39.659369],[2.517589,39.700141],[2.5324,39.706366],[2.552419,39.708686],[2.569672,39.71308],[2.586599,39.723822],[2.617686,39.749701],[2.621918,39.754462],[2.62908,39.766872],[2.631358,39.770128],[2.635997,39.771023],[2.647472,39.769232],[2.651866,39.770128],[2.676036,39.789089],[2.67921,39.794013],[2.683604,39.79621],[2.703949,39.814154],[2.710623,39.818549],[2.717947,39.820136],[2.747406,39.83161],[2.761729,39.840522],[2.773204,39.849636],[2.784841,39.856716],[2.799653,39.859565],[2.803233,39.861599],[2.809581,39.870551],[2.813243,39.872585],[2.834158,39.871161],[2.843598,39.872585],[2.873057,39.88349],[2.933279,39.914496],[2.964122,39.920966],[3.020274,39.925157],[3.075694,39.936103],[3.179454,39.968777],[3.193126,39.955105],[3.198416,39.959296],[3.201345,39.960517],[3.214203,39.955105],[3.203624,39.949164],[3.168468,39.936387],[3.15561,39.934027],[3.14088,39.928087],[3.127452,39.916693],[3.115489,39.908759],[3.10434,39.91352],[3.096934,39.91352],[3.094737,39.881212],[3.130219,39.87641],[3.206798,39.893012],[3.206798,39.886827],[3.196788,39.881212],[3.195567,39.874538],[3.196462,39.867133],[3.193126,39.859565],[3.187185,39.854356],[3.181488,39.851386],[3.165212,39.845893],[3.133556,39.839545],[3.126313,39.831855],[3.124848,39.811103],[3.136485,39.788764],[3.162608,39.76911],[3.194835,39.754991],[3.223888,39.749701],[3.292491,39.749701],[3.309906,39.755072],[3.340343,39.778998],[3.354503,39.784369]],[[4.302908,39.925523],[4.307302,39.910549],[4.328787,39.88345],[4.337087,39.867174],[4.330333,39.867174],[4.326264,39.87344],[4.319753,39.879218],[4.311778,39.884182],[4.302908,39.8876],[4.300059,39.821763],[4.248139,39.816474],[4.177175,39.843329],[4.015066,39.925767],[3.981375,39.936062],[3.941335,39.936754],[3.869314,39.925523],[3.830658,39.936062],[3.83489,39.947984],[3.835704,39.962429],[3.839122,39.975572],[3.850515,39.983873],[3.842377,39.989407],[3.822032,39.995144],[3.812918,40.001207],[3.803396,40.01317],[3.803152,40.018134],[3.807058,40.023261],[3.8095,40.035386],[3.821869,40.047634],[3.891531,40.059556],[3.915457,40.051988],[4.011892,40.059556],[4.052013,40.058173],[4.063406,40.059556],[4.077566,40.064276],[4.09433,40.074734],[4.105072,40.079413],[4.107839,40.067613],[4.116791,40.059638],[4.139089,40.045925],[4.136974,40.043036],[4.134858,40.035712],[4.135427,40.028225],[4.142263,40.024807],[4.148529,40.027818],[4.155935,40.034654],[4.165782,40.045925],[4.163829,40.060574],[4.170502,40.064602],[4.176524,40.059231],[4.172618,40.045925],[4.17864,40.038845],[4.206716,40.024807],[4.212494,40.017239],[4.216889,40.0126],[4.227224,40.00491],[4.232677,40.002712],[4.247488,40.000393],[4.254568,39.997463],[4.264903,39.986396],[4.273367,39.969957],[4.27239,39.955349],[4.254568,39.949693],[4.270112,39.943752],[4.285899,39.944607],[4.298025,39.941962],[4.302908,39.925523]],[[15.528656,38.302639],[15.559255,38.300116],[15.615977,38.280219],[15.651622,38.275295],[15.648285,38.26675],[15.642426,38.262274],[15.634451,38.260932],[15.624278,38.261664],[15.583751,38.240424],[15.569672,38.226955],[15.562999,38.214301],[15.559906,38.199774],[15.575938,38.200181],[15.527029,38.136786],[15.500336,38.084947],[15.392589,37.976142],[15.302745,37.864407],[15.283458,37.832953],[15.266287,37.811916],[15.241222,37.795559],[15.213064,37.761461],[15.206554,37.747748],[15.208263,37.737047],[15.218598,37.718085],[15.220225,37.706732],[15.216075,37.696723],[15.202159,37.68537],[15.199067,37.675727],[15.196788,37.655097],[15.184581,37.6258],[15.178559,37.604315],[15.163829,37.567694],[15.115896,37.522284],[15.09669,37.494452],[15.091563,37.477484],[15.089529,37.459459],[15.092052,37.360541],[15.09669,37.343695],[15.103526,37.329779],[15.110688,37.321845],[15.180024,37.290758],[15.217459,37.28498],[15.236664,37.274726],[15.251964,37.257717],[15.261241,37.233832],[15.244884,37.246161],[15.235606,37.241929],[15.228852,37.230292],[15.220225,37.22016],[15.22169,37.237454],[15.215831,37.244696],[15.205414,37.244696],[15.192882,37.239976],[15.199067,37.227607],[15.183442,37.207465],[15.194672,37.176337],[15.216482,37.155219],[15.233246,37.164862],[15.247569,37.158677],[15.247569,37.151842],[15.229177,37.149644],[15.231781,37.134914],[15.246593,37.118232],[15.264659,37.110297],[15.288829,37.108385],[15.303233,37.101223],[15.307872,37.086656],[15.302745,37.062486],[15.287934,37.068996],[15.281993,37.060858],[15.283702,37.048407],[15.29184,37.041978],[15.312266,37.044013],[15.321056,37.040229],[15.329438,37.027737],[15.332367,37.011623],[15.324718,37.00849],[15.31422,37.012437],[15.30893,37.017768],[15.303396,37.016181],[15.268077,37.000434],[15.274913,36.993598],[15.266124,36.989407],[15.263845,36.987128],[15.268077,36.980536],[15.268077,36.97309],[15.244477,36.972073],[15.226736,36.964789],[15.211681,36.956488],[15.196056,36.952623],[15.174653,36.944078],[15.158376,36.924221],[15.107677,36.820136],[15.106619,36.80858],[15.094005,36.799547],[15.098888,36.779446],[15.117198,36.747138],[15.134939,36.68769],[15.134288,36.675198],[15.114513,36.659898],[15.093923,36.654934],[15.073578,36.659125],[15.055186,36.671454],[15.040701,36.68769],[15.033051,36.693915],[15.021007,36.699368],[15.007172,36.702786],[14.997813,36.702216],[14.993663,36.69595],[14.982432,36.68887],[14.957286,36.697821],[14.91863,36.719875],[14.882172,36.730658],[14.846853,36.726264],[14.780772,36.699368],[14.776134,36.707709],[14.773448,36.710028],[14.760916,36.706204],[14.744314,36.719143],[14.684581,36.72602],[14.671641,36.74372],[14.658946,36.753811],[14.600108,36.772121],[14.582205,36.781317],[14.565929,36.778306],[14.487315,36.793362],[14.475759,36.804918],[14.394542,36.945014],[14.369884,36.97309],[14.278819,37.044013],[14.208507,37.081122],[14.126313,37.11225],[14.088634,37.117743],[13.976329,37.110297],[13.967296,37.108222],[13.948578,37.098822],[13.938487,37.095933],[13.894379,37.100816],[13.832693,37.139553],[13.794607,37.151842],[13.751638,37.159003],[13.715831,37.171373],[13.683442,37.189358],[13.598806,37.256741],[13.569184,37.273505],[13.534434,37.282172],[13.488617,37.288479],[13.452647,37.298814],[13.42156,37.314399],[13.372244,37.346137],[13.3296,37.366278],[13.31129,37.380845],[13.302013,37.385728],[13.289236,37.389146],[13.278005,37.393704],[13.253266,37.431789],[13.247325,37.43594],[13.225352,37.446031],[13.214041,37.458075],[13.206065,37.463935],[13.194591,37.466539],[13.18922,37.469713],[13.179373,37.483832],[13.174083,37.487006],[13.051524,37.500678],[13.036794,37.494859],[13.026378,37.493232],[13.016856,37.497545],[13.010427,37.506903],[13.004161,37.527086],[13.000011,37.535468],[12.974132,37.55744],[12.942638,37.568508],[12.862153,37.576402],[12.780935,37.574205],[12.697765,37.56273],[12.659353,37.565131],[12.636241,37.582221],[12.594737,37.637885],[12.57781,37.652004],[12.563487,37.657782],[12.523611,37.658352],[12.506196,37.665513],[12.489024,37.682685],[12.474376,37.702948],[12.465017,37.719794],[12.46046,37.734605],[12.459158,37.747748],[12.456309,37.759752],[12.448009,37.771308],[12.43629,37.783149],[12.427013,37.797024],[12.427419,37.809272],[12.444591,37.815985],[12.446056,37.811835],[12.46046,37.819037],[12.465017,37.822821],[12.463064,37.825751],[12.470225,37.85342],[12.472423,37.854193],[12.477712,37.872545],[12.478689,37.881171],[12.476736,37.885932],[12.467784,37.897121],[12.465017,37.905992],[12.464122,37.912909],[12.464529,37.91413],[12.467052,37.916164],[12.490489,37.954006],[12.496593,37.980618],[12.50294,37.997056],[12.504161,38.011217],[12.492931,38.02143],[12.523448,38.03144],[12.549653,38.054836],[12.576345,38.071723],[12.608409,38.062405],[12.638682,38.079495],[12.651622,38.091498],[12.656912,38.107367],[12.662446,38.116278],[12.676036,38.115871],[12.691905,38.112128],[12.7046,38.110826],[12.725352,38.125922],[12.723969,38.150336],[12.7199,38.175482],[12.731781,38.192776],[12.737804,38.180976],[12.74936,38.182074],[12.760916,38.180976],[12.766124,38.162665],[12.790782,38.117092],[12.81837,38.077948],[12.828787,38.069892],[12.856944,38.05858],[12.868907,38.051337],[12.86964,38.042548],[12.901134,38.028062],[12.944184,38.032864],[13.027354,38.062405],[13.061371,38.083482],[13.069672,38.091132],[13.0713,38.095526],[13.069591,38.101467],[13.068207,38.113959],[13.066173,38.123033],[13.056814,38.132717],[13.054698,38.141832],[13.089366,38.166002],[13.083751,38.174709],[13.08961,38.183336],[13.100922,38.19009],[13.112478,38.192776],[13.122406,38.190985],[13.156993,38.179674],[13.179373,38.176215],[13.207205,38.176093],[13.230317,38.184638],[13.239024,38.207017],[13.254405,38.202541],[13.265961,38.205268],[13.277029,38.210435],[13.296641,38.214423],[13.310232,38.21955],[13.318126,38.220649],[13.323253,38.217963],[13.325043,38.211656],[13.32602,38.204779],[13.32838,38.200181],[13.366222,38.179674],[13.371918,38.172797],[13.373302,38.140692],[13.37672,38.131293],[13.391368,38.103176],[13.51352,38.110541],[13.54127,38.094062],[13.539317,38.07685],[13.540863,38.067532],[13.547374,38.05622],[13.557465,38.04914],[13.587087,38.03913],[13.622406,38.015204],[13.651134,38.000963],[13.697765,37.993598],[13.711925,37.987942],[13.707774,37.985093],[13.707286,37.984036],[13.705089,37.980455],[13.726736,37.980902],[13.790782,37.973619],[13.812673,37.977932],[13.857188,37.996731],[13.898285,38.004462],[13.912283,38.012641],[13.924815,38.021959],[13.938487,38.028876],[14.007172,38.038275],[14.020518,38.049384],[14.062511,38.030219],[14.083263,38.02383],[14.106293,38.02143],[14.120942,38.02261],[14.151378,38.028876],[14.273204,38.015123],[14.331228,38.018012],[14.384613,38.029527],[14.431895,38.049384],[14.464122,38.037177],[14.511729,38.044379],[14.634613,38.081488],[14.667735,38.099189],[14.695974,38.121039],[14.733735,38.15762],[14.744802,38.161363],[14.777599,38.159247],[14.798106,38.160346],[14.874034,38.175686],[14.888031,38.182603],[14.897472,38.18594],[14.907074,38.18769],[14.935313,38.18594],[14.944998,38.181789],[14.963064,38.163398],[14.969737,38.159247],[14.981781,38.158271],[15.007335,38.151801],[15.039073,38.153306],[15.049001,38.151801],[15.053071,38.148383],[15.063243,38.135688],[15.068696,38.131293],[15.087901,38.128241],[15.105317,38.13349],[15.122569,38.141059],[15.177419,38.156317],[15.203298,38.183295],[15.240733,38.241156],[15.237641,38.248847],[15.236095,38.251044],[15.23699,38.253485],[15.240733,38.261664],[15.237153,38.264797],[15.243175,38.264797],[15.246349,38.25434],[15.240733,38.230292],[15.245372,38.217231],[15.257579,38.210191],[15.274181,38.207506],[15.29184,38.207017],[15.321056,38.210883],[15.399669,38.232571],[15.421886,38.244574],[15.433767,38.25316],[15.472911,38.267808],[15.512869,38.297593],[15.528656,38.302639]],[[9.792247,40.556952],[9.820567,40.536363],[9.826427,40.529608],[9.826671,40.519599],[9.815196,40.502509],[9.812185,40.492377],[9.808767,40.470771],[9.800304,40.455512],[9.778087,40.427232],[9.761729,40.390692],[9.74936,40.377265],[9.727387,40.372016],[9.712413,40.3664],[9.700857,40.352973],[9.683116,40.324205],[9.670177,40.31269],[9.645518,40.296088],[9.634613,40.28262],[9.62615,40.263088],[9.624848,40.247748],[9.62908,40.205552],[9.631114,40.196194],[9.654633,40.144599],[9.66505,40.131578],[9.679698,40.126166],[9.687836,40.120673],[9.710216,40.09634],[9.73227,40.08393],[9.730317,40.068549],[9.69337,39.992906],[9.687266,39.961168],[9.696625,39.933783],[9.702485,39.937201],[9.709727,39.940334],[9.715668,39.940131],[9.717784,39.933783],[9.714529,39.924506],[9.708181,39.922187],[9.701427,39.922065],[9.696625,39.919501],[9.689464,39.906562],[9.684337,39.894232],[9.683849,39.882514],[9.689789,39.871731],[9.683116,39.871731],[9.683116,39.865546],[9.687755,39.863511],[9.691905,39.860053],[9.696625,39.858059],[9.696625,39.851874],[9.684255,39.839911],[9.675548,39.818915],[9.670258,39.793769],[9.668793,39.769273],[9.669932,39.756578],[9.675059,39.732082],[9.67628,39.718085],[9.674083,39.707994],[9.664806,39.691392],[9.662608,39.676825],[9.660411,39.670722],[9.655772,39.662909],[9.651134,39.652493],[9.648936,39.638983],[9.655772,39.59455],[9.653005,39.56684],[9.628429,39.501776],[9.644867,39.483954],[9.639008,39.45246],[9.614106,39.399359],[9.602061,39.355658],[9.600434,39.34101],[9.603526,39.326239],[9.611583,39.316555],[9.634613,39.303168],[9.634613,39.296942],[9.60727,39.289008],[9.581879,39.266303],[9.567556,39.238105],[9.573253,39.213813],[9.565603,39.205064],[9.568858,39.199286],[9.57602,39.193915],[9.579926,39.187079],[9.577891,39.179389],[9.568533,39.159369],[9.566417,39.149237],[9.557791,39.139716],[9.539561,39.134019],[9.522716,39.124905],[9.518565,39.10456],[9.510753,39.107978],[9.507091,39.111396],[9.507579,39.11636],[9.511892,39.124416],[9.496349,39.133612],[9.480724,39.135565],[9.465343,39.131903],[9.450369,39.124416],[9.442882,39.124416],[9.437999,39.133368],[9.428966,39.138617],[9.408702,39.146145],[9.383474,39.169257],[9.377696,39.172797],[9.367931,39.177151],[9.345063,39.196438],[9.336681,39.200751],[9.326182,39.202786],[9.312266,39.207913],[9.299571,39.214504],[9.292166,39.221259],[9.28533,39.213813],[9.271251,39.220526],[9.252452,39.225165],[9.216319,39.228013],[9.197439,39.221137],[9.180919,39.20718],[9.169688,39.193345],[9.166026,39.187079],[9.136892,39.194322],[9.113536,39.211493],[9.073009,39.248521],[9.063731,39.243069],[9.055512,39.247545],[9.047537,39.256008],[9.038748,39.262193],[9.024425,39.264838],[9.013927,39.263902],[9.012543,39.260565],[9.025727,39.256008],[9.025727,39.248521],[9.021007,39.240424],[9.026866,39.235745],[9.035167,39.232164],[9.037852,39.227118],[9.038748,39.228013],[9.050059,39.225653],[9.074962,39.229885],[9.079845,39.224595],[9.079845,39.216539],[9.078949,39.212348],[9.038585,39.179023],[9.026215,39.165229],[9.018321,39.146145],[9.015961,39.123847],[9.018728,39.103949],[9.024587,39.086127],[9.031993,39.06977],[9.037771,39.063666],[9.043793,39.058417],[9.044932,39.051256],[9.029307,39.03026],[9.018321,38.995307],[9.025727,38.995307],[9.015147,38.989651],[9.012055,38.990668],[9.004649,38.995307],[8.996349,38.982815],[8.894705,38.902289],[8.88795,38.899848],[8.877452,38.899075],[8.872406,38.896064],[8.861339,38.882066],[8.853282,38.877997],[8.841482,38.880561],[8.827891,38.888821],[8.805431,38.905951],[8.805431,38.885443],[8.791026,38.904446],[8.766612,38.920396],[8.739513,38.93065],[8.716563,38.932603],[8.694591,38.925238],[8.668793,38.91059],[8.651622,38.891547],[8.655121,38.871161],[8.640961,38.864325],[8.634776,38.871161],[8.642833,38.88996],[8.633149,38.895575],[8.615571,38.895941],[8.599864,38.899075],[8.599864,38.905951],[8.615001,38.923],[8.615489,38.947577],[8.603282,38.964911],[8.580089,38.960517],[8.572276,39.013617],[8.559581,39.056708],[8.552094,39.056708],[8.544281,39.051256],[8.520844,39.060858],[8.504405,39.062934],[8.509044,39.067939],[8.518077,39.083441],[8.504405,39.090888],[8.482758,39.08039],[8.482107,39.084174],[8.47755,39.090481],[8.473318,39.107367],[8.465099,39.119452],[8.454275,39.124905],[8.442231,39.11815],[8.437999,39.128485],[8.43865,39.153144],[8.435395,39.165961],[8.428396,39.173163],[8.418793,39.177314],[8.412608,39.175727],[8.415701,39.165961],[8.409516,39.169338],[8.40504,39.174384],[8.402354,39.181342],[8.401378,39.190172],[8.398692,39.201158],[8.392589,39.204047],[8.385509,39.204413],[8.380138,39.207587],[8.372813,39.222073],[8.371755,39.230618],[8.37672,39.23786],[8.426443,39.283271],[8.43214,39.301825],[8.415701,39.323676],[8.417247,39.339016],[8.382091,39.359687],[8.374034,39.378852],[8.378184,39.387926],[8.395681,39.404242],[8.401378,39.412421],[8.40504,39.427191],[8.403819,39.435858],[8.389496,39.462348],[8.385997,39.465522],[8.386892,39.469794],[8.394542,39.48135],[8.421886,39.508612],[8.435313,39.525214],[8.451671,39.558295],[8.46339,39.57685],[8.455903,39.584377],[8.463878,39.597886],[8.462169,39.617133],[8.449718,39.65884],[8.446788,39.704088],[8.442231,39.714667],[8.442231,39.721503],[8.446462,39.730862],[8.444021,39.757025],[8.446056,39.762519],[8.459727,39.760484],[8.468598,39.75495],[8.499766,39.716213],[8.516938,39.702135],[8.538259,39.696031],[8.565766,39.701077],[8.514496,39.71369],[8.504405,39.721503],[8.506847,39.738471],[8.519867,39.755439],[8.535492,39.770819],[8.545258,39.782945],[8.538585,39.782945],[8.535167,39.776068],[8.530528,39.770413],[8.524913,39.765815],[8.518077,39.762519],[8.529796,39.772528],[8.540782,39.789252],[8.548839,39.807196],[8.552094,39.820787],[8.555186,39.852688],[8.553559,39.863959],[8.545258,39.878567],[8.523448,39.898871],[8.494151,39.912421],[8.463064,39.91413],[8.435395,39.898993],[8.442231,39.892808],[8.445567,39.898098],[8.449962,39.899115],[8.455821,39.898505],[8.46339,39.898993],[8.451834,39.89289],[8.444672,39.883612],[8.435395,39.858059],[8.428722,39.865546],[8.437511,39.876776],[8.431,39.885199],[8.418305,39.892279],[8.403575,39.902899],[8.400727,39.90351],[8.398285,39.905341],[8.394542,39.912665],[8.393565,39.920478],[8.396332,39.926947],[8.399913,39.933173],[8.401378,39.940009],[8.393565,39.976874],[8.394542,39.98843],[8.406505,40.009833],[8.407074,40.022203],[8.394542,40.0362],[8.380138,40.030097],[8.377208,40.033759],[8.384532,40.041938],[8.401378,40.049872],[8.40447,40.049506],[8.434825,40.051011],[8.452403,40.056098],[8.459727,40.057318],[8.468598,40.062161],[8.479015,40.074164],[8.487315,40.089545],[8.490001,40.104478],[8.485118,40.118109],[8.467296,40.144721],[8.46339,40.163153],[8.459646,40.21601],[8.47641,40.262152],[8.476085,40.292141],[8.462901,40.314521],[8.441254,40.331448],[8.415701,40.345282],[8.408214,40.337836],[8.385997,40.351793],[8.383556,40.371772],[8.394542,40.423814],[8.390473,40.442328],[8.379893,40.468695],[8.365571,40.492133],[8.349864,40.502346],[8.331716,40.510688],[8.323904,40.530829],[8.319591,40.555609],[8.312022,40.57807],[8.291515,40.595364],[8.267345,40.594062],[8.216319,40.570624],[8.195974,40.57807],[8.205333,40.597805],[8.216319,40.612209],[8.19337,40.617499],[8.176606,40.606594],[8.166189,40.586412],[8.161794,40.563788],[8.153087,40.577786],[8.147309,40.593207],[8.140636,40.619045],[8.140636,40.62519],[8.157725,40.63227],[8.173839,40.641588],[8.185313,40.656562],[8.188487,40.680487],[8.191091,40.680406],[8.195567,40.685289],[8.197439,40.69123],[8.192149,40.694159],[8.178966,40.69477],[8.173839,40.696967],[8.167979,40.701606],[8.153331,40.719713],[8.145844,40.72602],[8.1338,40.728909],[8.209646,40.865424],[8.215343,40.881415],[8.216319,40.899604],[8.209727,40.914455],[8.192149,40.92064],[8.178884,40.928168],[8.182302,40.945299],[8.193044,40.963772],[8.202159,40.975287],[8.209646,40.975287],[8.212576,40.963446],[8.219981,40.962307],[8.229015,40.962551],[8.236176,40.954779],[8.235525,40.946479],[8.231619,40.934516],[8.229259,40.921576],[8.233165,40.910102],[8.277843,40.865424],[8.310232,40.850653],[8.421886,40.838772],[8.477875,40.826158],[8.500987,40.824449],[8.520518,40.826972],[8.598399,40.852973],[8.618337,40.866156],[8.634288,40.881578],[8.640961,40.89647],[8.709158,40.92064],[8.733897,40.921291],[8.751231,40.919135],[8.764415,40.913804],[8.82252,40.947333],[8.83961,40.961615],[8.875336,41.008124],[8.88795,41.016262],[8.885916,41.020087],[8.885916,41.021226],[8.885265,41.021796],[8.881114,41.023668],[8.913097,41.03266],[8.922699,41.03677],[8.929454,41.043647],[8.940115,41.061184],[8.9463,41.064643],[8.958751,41.070014],[8.975759,41.082668],[8.990733,41.097357],[9.005544,41.121894],[9.02475,41.128852],[9.093028,41.135199],[9.107758,41.139472],[9.13559,41.160305],[9.141856,41.152777],[9.157563,41.168891],[9.163422,41.184149],[9.162852,41.225409],[9.171072,41.242906],[9.189952,41.251125],[9.212413,41.255805],[9.230642,41.262641],[9.232677,41.253567],[9.238292,41.248847],[9.246918,41.247748],[9.257823,41.249661],[9.268077,41.23664],[9.267426,41.201972],[9.278331,41.195014],[9.274669,41.19953],[9.273611,41.205146],[9.274913,41.212388],[9.278331,41.221747],[9.28533,41.221747],[9.289317,41.208726],[9.288341,41.205756],[9.28533,41.201239],[9.28533,41.195014],[9.299571,41.196479],[9.305431,41.197943],[9.312511,41.201239],[9.31658,41.196479],[9.333018,41.187567],[9.335216,41.211656],[9.352061,41.207261],[9.388194,41.180732],[9.388194,41.187567],[9.396658,41.183905],[9.404063,41.181708],[9.412283,41.180732],[9.422374,41.180732],[9.422374,41.174506],[9.417003,41.171454],[9.414317,41.168199],[9.41212,41.164537],[9.408702,41.160305],[9.420177,41.15644],[9.426606,41.149237],[9.432791,41.140774],[9.442882,41.132961],[9.437022,41.125434],[9.436778,41.115383],[9.442882,41.091986],[9.454112,41.111965],[9.46046,41.12051],[9.470063,41.126125],[9.466807,41.130683],[9.465099,41.134426],[9.462413,41.1376],[9.456554,41.140367],[9.469086,41.146186],[9.481456,41.145575],[9.494395,41.14232],[9.508067,41.140367],[9.513927,41.1435],[9.518403,41.148668],[9.523936,41.149726],[9.532237,41.140367],[9.52475,41.132961],[9.534353,41.128119],[9.540782,41.12287],[9.546153,41.120917],[9.552745,41.126125],[9.559581,41.126125],[9.561209,41.121812],[9.561778,41.12108],[9.562999,41.121243],[9.566417,41.11933],[9.565115,41.107123],[9.562266,41.097113],[9.556407,41.087836],[9.545909,41.077704],[9.543793,41.082506],[9.540782,41.087348],[9.539073,41.091986],[9.521251,41.031684],[9.511892,41.016262],[9.532237,41.016262],[9.52475,41.030504],[9.543142,41.036933],[9.55421,41.034613],[9.557628,41.025051],[9.552745,41.009467],[9.557791,41.009426],[9.558604,41.011054],[9.558279,41.013617],[9.559581,41.016262],[9.565684,41.010932],[9.568614,41.009508],[9.573253,41.009467],[9.588145,41.020697],[9.615733,41.019599],[9.644298,41.011664],[9.662608,41.002631],[9.651215,40.991116],[9.635997,40.992377],[9.61964,40.998765],[9.604259,41.002631],[9.587576,40.995795],[9.58253,40.979926],[9.578868,40.961982],[9.566417,40.948635],[9.571137,40.934882],[9.557465,40.93122],[9.511892,40.934312],[9.511241,40.929389],[9.512543,40.927965],[9.504242,40.926907],[9.511974,40.915188],[9.52003,40.915025],[9.528982,40.919257],[9.539073,40.92064],[9.549327,40.917222],[9.567231,40.908393],[9.573253,40.906399],[9.592784,40.909898],[9.607677,40.917873],[9.622569,40.923774],[9.6421,40.92064],[9.637218,40.911566],[9.631521,40.904853],[9.623871,40.900702],[9.614106,40.899604],[9.614106,40.893378],[9.650076,40.879462],[9.655772,40.876044],[9.657725,40.863959],[9.663259,40.858222],[9.671723,40.85871],[9.683116,40.865424],[9.689789,40.855862],[9.699392,40.850043],[9.710948,40.846869],[9.723969,40.844916],[9.691091,40.836249],[9.681,40.829779],[9.689789,40.817043],[9.689789,40.810777],[9.67449,40.81391],[9.661794,40.809027],[9.657888,40.799872],[9.668793,40.790351],[9.66977,40.801459],[9.675792,40.788642],[9.703949,40.759426],[9.710297,40.745592],[9.714203,40.72724],[9.744477,40.680487],[9.748302,40.667222],[9.753184,40.605292],[9.756521,40.59516],[9.761567,40.587348],[9.768077,40.584296],[9.781912,40.581977],[9.785818,40.575873],[9.786876,40.567125],[9.792247,40.556952]],[[8.565766,42.208564],[8.574067,42.219916],[8.565766,42.225735],[8.552419,42.22899],[8.545258,42.232856],[8.54949,42.242255],[8.559906,42.24433],[8.586274,42.243354],[8.593761,42.246283],[8.601329,42.250678],[8.61085,42.254625],[8.651134,42.260403],[8.664724,42.264879],[8.675059,42.270657],[8.680837,42.272773],[8.685232,42.271918],[8.687755,42.272935],[8.688731,42.280951],[8.674001,42.289496],[8.672048,42.291164],[8.634776,42.304836],[8.632335,42.308661],[8.629649,42.315253],[8.625173,42.319159],[8.611095,42.310045],[8.605317,42.310452],[8.60141,42.314765],[8.599864,42.321926],[8.604747,42.325588],[8.634776,42.338935],[8.612804,42.352444],[8.591563,42.351142],[8.552094,42.338935],[8.559581,42.346381],[8.553477,42.354885],[8.549653,42.36579],[8.549083,42.377102],[8.552094,42.386705],[8.560802,42.381659],[8.570486,42.381781],[8.5796,42.385932],[8.586274,42.392971],[8.598643,42.3876],[8.602387,42.391913],[8.603526,42.400336],[8.60727,42.407213],[8.612071,42.411811],[8.614024,42.416246],[8.618663,42.419582],[8.65089,42.423285],[8.659516,42.429877],[8.661632,42.439765],[8.661388,42.45189],[8.672374,42.464423],[8.676768,42.47248],[8.672048,42.476142],[8.659679,42.477118],[8.657074,42.480048],[8.659353,42.484361],[8.667491,42.509711],[8.680431,42.521064],[8.697602,42.527004],[8.716563,42.530707],[8.710785,42.540107],[8.716319,42.561998],[8.709158,42.571723],[8.709158,42.579169],[8.71697,42.576117],[8.719737,42.575995],[8.720876,42.574123],[8.723481,42.565497],[8.740001,42.572333],[8.750662,42.568793],[8.759613,42.561754],[8.771251,42.558051],[8.786957,42.561998],[8.798839,42.571763],[8.807465,42.58511],[8.812836,42.599595],[8.805431,42.606431],[8.843028,42.608059],[8.906505,42.632473],[9.018321,42.650133],[9.049978,42.662177],[9.052989,42.681586],[9.107107,42.725898],[9.117849,42.732001],[9.141449,42.735012],[9.165212,42.735175],[9.176036,42.732815],[9.185069,42.733385],[9.236827,42.722561],[9.257823,42.713935],[9.264659,42.708889],[9.270844,42.702216],[9.276134,42.694159],[9.28533,42.67475],[9.292166,42.67475],[9.327891,42.720038],[9.34254,42.749091],[9.333018,42.770941],[9.340994,42.790107],[9.33546,42.807603],[9.321788,42.82392],[9.305675,42.83926],[9.333018,42.867133],[9.332856,42.8758],[9.326345,42.885321],[9.326182,42.893785],[9.330251,42.903551],[9.336925,42.910386],[9.360199,42.928616],[9.356781,42.933539],[9.355724,42.93651],[9.356944,42.94066],[9.360199,42.949123],[9.349946,42.957221],[9.343435,42.97309],[9.341807,42.990668],[9.34669,43.00373],[9.363048,43.011542],[9.404307,43.011664],[9.422374,43.017401],[9.435557,43.00373],[9.444509,42.997992],[9.464041,42.990058],[9.464041,42.982611],[9.455577,42.974555],[9.453868,42.963813],[9.458751,42.952338],[9.470063,42.942288],[9.465505,42.923529],[9.484386,42.832424],[9.482758,42.802314],[9.450369,42.708889],[9.451427,42.696723],[9.449392,42.682603],[9.450369,42.653632],[9.449067,42.651068],[9.446056,42.648586],[9.44337,42.64525],[9.442882,42.64057],[9.445323,42.637885],[9.449962,42.635728],[9.4546,42.634589],[9.456554,42.634426],[9.459239,42.625434],[9.461681,42.619818],[9.461436,42.614569],[9.456554,42.606431],[9.46461,42.60163],[9.468028,42.594957],[9.470714,42.587226],[9.476899,42.579169],[9.484874,42.574449],[9.511892,42.565497],[9.509125,42.579983],[9.504731,42.586615],[9.489594,42.612616],[9.518565,42.580959],[9.528087,42.563544],[9.532237,42.544379],[9.53004,42.486314],[9.533376,42.456244],[9.545909,42.435126],[9.539887,42.422065],[9.535411,42.408189],[9.532725,42.392524],[9.532237,42.373725],[9.536957,42.353176],[9.555431,42.314276],[9.559581,42.294582],[9.552257,42.170152],[9.559581,42.146552],[9.556895,42.138251],[9.554942,42.120836],[9.552745,42.113023],[9.545584,42.10399],[9.518565,42.08511],[9.507823,42.072211],[9.492442,42.047756],[9.423839,41.973538],[9.408702,41.962226],[9.403168,41.952948],[9.402843,41.917426],[9.394298,41.847968],[9.403005,41.779731],[9.401622,41.706448],[9.398611,41.701483],[9.391124,41.699042],[9.381196,41.692694],[9.372244,41.683905],[9.367035,41.674221],[9.380707,41.674221],[9.37794,41.65644],[9.373057,41.645168],[9.363617,41.640041],[9.353201,41.640815],[9.345225,41.640326],[9.342133,41.63467],[9.34669,41.619574],[9.333263,41.624457],[9.318207,41.627143],[9.303722,41.627834],[9.292166,41.62641],[9.293956,41.617621],[9.284434,41.607652],[9.278575,41.598375],[9.292166,41.59162],[9.325043,41.601955],[9.345063,41.604478],[9.354177,41.595404],[9.350597,41.581204],[9.341075,41.569281],[9.326671,41.561103],[9.309093,41.558173],[9.299653,41.55329],[9.292166,41.542914],[9.281993,41.533271],[9.264659,41.530829],[9.268728,41.523749],[9.269867,41.516791],[9.268728,41.509955],[9.264659,41.502875],[9.276215,41.499416],[9.279145,41.491645],[9.27475,41.482856],[9.264659,41.476142],[9.270844,41.468736],[9.255219,41.463609],[9.228038,41.450019],[9.210704,41.448228],[9.210704,41.440863],[9.220063,41.435045],[9.223318,41.427314],[9.219981,41.419623],[9.210704,41.41352],[9.210704,41.407294],[9.222016,41.410956],[9.237966,41.422268],[9.250336,41.427802],[9.246593,41.412909],[9.23878,41.395901],[9.230154,41.380927],[9.223155,41.372504],[9.206716,41.365912],[9.193858,41.369127],[9.169119,41.386176],[9.153331,41.391343],[9.122244,41.394965],[9.096446,41.40351],[9.10727,41.429267],[9.112153,41.432563],[9.121349,41.434638],[9.105154,41.445502],[9.080903,41.453192],[9.06658,41.4619],[9.079845,41.476142],[9.079845,41.482367],[9.068207,41.479478],[9.038748,41.4619],[9.031993,41.468736],[9.03419,41.470893],[9.035411,41.471625],[9.036632,41.472846],[9.038748,41.476142],[9.028087,41.473822],[9.024099,41.472113],[9.018321,41.468736],[9.011485,41.476142],[9.000987,41.483059],[8.975597,41.489081],[8.95102,41.491889],[8.93572,41.489203],[8.924815,41.49494],[8.916759,41.501654],[8.906912,41.50731],[8.883637,41.511176],[8.881114,41.514838],[8.879161,41.519355],[8.873709,41.523383],[8.864268,41.525336],[8.856293,41.525336],[8.848399,41.526109],[8.83961,41.530829],[8.853282,41.537665],[8.853282,41.54385],[8.840587,41.547268],[8.833344,41.550727],[8.823904,41.549954],[8.809906,41.55268],[8.797211,41.557074],[8.791759,41.561225],[8.796397,41.580552],[8.793224,41.587307],[8.778087,41.59162],[8.785411,41.604682],[8.792003,41.625149],[8.801768,41.639065],[8.819021,41.632636],[8.872569,41.651068],[8.881114,41.657131],[8.885753,41.670885],[8.896983,41.677924],[8.910655,41.683824],[8.922699,41.694648],[8.899181,41.695461],[8.836436,41.70893],[8.812348,41.709296],[8.788829,41.712551],[8.776134,41.722398],[8.784923,41.742499],[8.760102,41.742662],[8.719086,41.730699],[8.695567,41.729438],[8.69809,41.733059],[8.702973,41.742499],[8.688731,41.741767],[8.677989,41.744086],[8.667979,41.747504],[8.655121,41.749905],[8.668224,41.754869],[8.6963,41.758205],[8.709158,41.763577],[8.71754,41.77204],[8.722016,41.782416],[8.720225,41.791693],[8.709158,41.797065],[8.709158,41.804511],[8.731944,41.804592],[8.752289,41.809801],[8.784923,41.824408],[8.78004,41.83393],[8.772309,41.840399],[8.76238,41.844143],[8.750824,41.845526],[8.783702,41.853583],[8.791759,41.859117],[8.789317,41.861314],[8.785818,41.867987],[8.781749,41.873684],[8.778087,41.872789],[8.79005,41.886949],[8.791759,41.887112],[8.794607,41.892157],[8.803396,41.900539],[8.805431,41.906928],[8.803071,41.907457],[8.791759,41.913764],[8.785981,41.922838],[8.781423,41.928778],[8.775076,41.932318],[8.764415,41.934272],[8.744395,41.932807],[8.710297,41.918769],[8.688731,41.913764],[8.647634,41.911811],[8.629893,41.908637],[8.614268,41.900784],[8.60727,41.913764],[8.618663,41.930487],[8.614431,41.944078],[8.586274,41.96898],[8.635509,41.972642],[8.65504,41.978705],[8.668793,41.996324],[8.656098,42.002875],[8.664561,42.014472],[8.684337,42.02558],[8.706065,42.030463],[8.711274,42.033271],[8.738048,42.043931],[8.743419,42.044135],[8.744965,42.056586],[8.739106,42.063422],[8.723481,42.072089],[8.706228,42.100491],[8.699229,42.10932],[8.688813,42.111151],[8.660899,42.105455],[8.655121,42.10932],[8.647716,42.122016],[8.629568,42.130072],[8.6067,42.133734],[8.586274,42.13349],[8.591075,42.14289],[8.593761,42.146552],[8.586274,42.151435],[8.578136,42.154202],[8.569102,42.154975],[8.559581,42.153998],[8.569672,42.155585],[8.577891,42.158759],[8.593761,42.16706],[8.593761,42.174506],[8.565766,42.174506],[8.565766,42.181301],[8.577647,42.184882],[8.581798,42.194525],[8.57781,42.204413],[8.565766,42.208564]],[[14.33253,36.018866],[14.343598,36.01557],[14.350597,36.009508],[14.338145,36.004543],[14.327973,36.003282],[14.327322,36.003892],[14.324636,36.003445],[14.325857,36.006374],[14.323171,36.011664],[14.321788,36.016995],[14.32545,36.01911],[14.33253,36.018866]],[[-7.904612,36.977525],[-7.909169,36.978054],[-7.908681,36.989366],[-7.903717,36.986151],[-7.904937,36.982204],[-7.904612,36.977525]],[[-7.894968,36.989366],[-7.90095,36.995022],[-7.906077,36.99608],[-7.904612,36.999335],[-7.899322,36.999335],[-7.896555,36.999335],[-7.887359,37.001166],[-7.881174,37.000596],[-7.882558,36.997504],[-7.885976,36.997382],[-7.887847,36.995307],[-7.883534,36.994452],[-7.878814,36.992825],[-7.894968,36.989366]],[[10.808279,37.136094],[10.813406,37.130927],[10.822927,37.118313],[10.816091,37.118109],[10.806326,37.119086],[10.802989,37.118313],[10.802664,37.119249],[10.79599,37.118272],[10.790294,37.127183],[10.793712,37.131985],[10.799001,37.135118],[10.800304,37.138495],[10.805756,37.140692],[10.808279,37.136094]],[[8.953054,37.53502],[8.957367,37.531277],[8.958669,37.51911],[8.949799,37.518012],[8.937348,37.521308],[8.926117,37.517564],[8.915701,37.5126],[8.900483,37.518541],[8.910981,37.526272],[8.923676,37.531806],[8.939871,37.536322],[8.9463,37.542792],[8.950287,37.541734],[8.953054,37.539374],[8.953054,37.53502]],[[-8.847239,38.486558],[-8.84024,38.487535],[-8.834625,38.482489],[-8.839874,38.473782],[-8.848541,38.479682],[-8.848378,38.483018],[-8.847239,38.486558]],[[-9.012441,38.882188],[-9.0065,38.878526],[-9.00121,38.870592],[-9.002756,38.861396],[-9.016754,38.857204],[-9.026031,38.864773],[-9.020009,38.878526],[-9.012441,38.882188]],[[-9.013499,38.914008],[-9.020497,38.894395],[-9.027577,38.888983],[-9.026194,38.904853],[-9.018056,38.919908],[-9.013499,38.914008]],[[-9.511952,39.4112],[-9.508249,39.42178],[-9.501698,39.420233],[-9.511952,39.4112]],[[-8.838938,40.146837],[-8.827707,40.143744],[-8.796091,40.130845],[-8.81664,40.123114],[-8.827952,40.123643],[-8.84142,40.134182],[-8.844065,40.139716],[-8.848215,40.146837],[-8.844309,40.145006],[-8.838938,40.146837]],[[14.219412,40.560533],[14.257498,40.556708],[14.262136,40.553982],[14.254975,40.546454],[14.246186,40.543891],[14.237397,40.544501],[14.208344,40.53795],[14.195974,40.541164],[14.198578,40.558498],[14.210134,40.560981],[14.219412,40.560533]],[[14.021414,40.766954],[14.030691,40.764268],[14.03533,40.759833],[14.030203,40.759996],[14.027192,40.75967],[14.021821,40.757188],[14.02589,40.750312],[14.019949,40.750067],[14.01352,40.747545],[14.0171,40.73725],[14.01059,40.739814],[14.00587,40.746894],[14.004731,40.746934],[14.003835,40.74372],[14.000987,40.743964],[14.003429,40.751166],[14.00644,40.759548],[14.00408,40.762193],[14.007823,40.764268],[14.013113,40.769232],[14.01767,40.77029],[14.021414,40.766954]],[[9.727061,40.874132],[9.734141,40.876329],[9.74464,40.869167],[9.739594,40.86046],[9.73406,40.8581],[9.71933,40.863756],[9.713878,40.873684],[9.727061,40.874132]],[[9.740082,40.912299],[9.700125,40.890489],[9.691335,40.888292],[9.685151,40.891099],[9.679779,40.891303],[9.676036,40.890204],[9.677501,40.892605],[9.733897,40.92475],[9.736339,40.924302],[9.739268,40.919298],[9.740082,40.912299]],[[12.976492,40.93537],[12.982188,40.937567],[12.989594,40.93651],[12.991791,40.933173],[12.980398,40.928371],[12.968598,40.91946],[12.960948,40.903225],[12.963227,40.898017],[12.966319,40.895453],[12.966482,40.893052],[12.964203,40.888658],[12.958344,40.881985],[12.951996,40.881537],[12.948904,40.885688],[12.949962,40.890896],[12.947846,40.895575],[12.942068,40.899807],[12.948497,40.917914],[12.954356,40.92178],[12.964529,40.925482],[12.966319,40.927232],[12.966563,40.930284],[12.96811,40.931952],[12.971853,40.932847],[12.976492,40.93537]],[[12.850434,40.933987],[12.851573,40.941392],[12.854828,40.944688],[12.853119,40.947984],[12.85727,40.950019],[12.860444,40.94831],[12.860688,40.938788],[12.861664,40.930691],[12.850434,40.926011],[12.849132,40.928209],[12.850434,40.933987]],[[13.049978,40.966946],[13.053559,40.974351],[13.062185,40.975531],[13.060964,40.965237],[13.053477,40.965237],[13.049978,40.966946]],[[9.595958,41.076361],[9.600759,41.077989],[9.606375,41.079413],[9.606049,41.076321],[9.604991,41.071194],[9.602631,41.068671],[9.601573,41.069444],[9.597667,41.070421],[9.596121,41.072943],[9.595958,41.076361]],[[9.405772,41.202623],[9.408214,41.207424],[9.417491,41.200426],[9.407807,41.185126],[9.40504,41.188463],[9.402354,41.190212],[9.395518,41.189602],[9.394379,41.195095],[9.398041,41.198839],[9.405772,41.202623]],[[9.150401,41.243842],[9.158376,41.242174],[9.156098,41.238105],[9.156993,41.237454],[9.152761,41.233547],[9.146739,41.230007],[9.137462,41.240871],[9.141612,41.246446],[9.146658,41.243801],[9.150401,41.243842]],[[9.337901,41.252224],[9.34254,41.251614],[9.353038,41.247829],[9.350759,41.232204],[9.342214,41.228135],[9.340343,41.229112],[9.337983,41.22899],[9.335378,41.230292],[9.331554,41.233588],[9.329682,41.237576],[9.332856,41.2508],[9.337901,41.252224]],[[9.344656,41.274807],[9.337576,41.27794],[9.331065,41.281033],[9.334972,41.28559],[9.350597,41.288723],[9.351248,41.276109],[9.344656,41.274807]],[[9.375255,41.292263],[9.371837,41.291856],[9.36907,41.293484],[9.364757,41.287909],[9.358246,41.296902],[9.361664,41.297512],[9.364594,41.3015],[9.372406,41.304918],[9.376801,41.307807],[9.37794,41.303453],[9.380056,41.300442],[9.378917,41.295844],[9.375255,41.292263]],[[9.345876,41.304755],[9.353282,41.299343],[9.354177,41.292873],[9.346934,41.293647],[9.337006,41.294501],[9.336599,41.297065],[9.33489,41.29975],[9.330903,41.304714],[9.334972,41.308336],[9.337983,41.307603],[9.340017,41.307196],[9.34254,41.30622],[9.345876,41.304755]],[[9.254568,41.34219],[9.254649,41.338609],[9.257579,41.335517],[9.256928,41.331529],[9.247244,41.337714],[9.249929,41.343533],[9.254568,41.34219]],[[9.264822,41.372138],[9.264334,41.36636],[9.27003,41.367621],[9.268891,41.36461],[9.265147,41.363593],[9.263438,41.362698],[9.262625,41.360785],[9.257253,41.363593],[9.253835,41.364651],[9.250418,41.365465],[9.251557,41.371161],[9.260834,41.371853],[9.264822,41.372138]],[[15.489106,42.124538],[15.492849,42.123847],[15.496755,42.116034],[15.492117,42.107449],[15.484711,42.101426],[15.477712,42.104112],[15.478201,42.113471],[15.483816,42.118557],[15.485932,42.120754],[15.489106,42.124538]],[[11.104666,42.263332],[11.110525,42.261217],[11.112478,42.252875],[11.108246,42.255235],[11.10491,42.255439],[11.102387,42.254299],[11.10491,42.245673],[11.106456,42.237779],[11.095225,42.243272],[11.093842,42.246039],[11.091319,42.251776],[11.09197,42.256496],[11.093842,42.260159],[11.100027,42.260484],[11.104666,42.263332]],[[15.999766,42.952948],[15.992931,42.952297],[15.993988,42.95779],[15.999278,42.973619]],[[15.754568,43.033026],[15.761729,43.033067],[15.76588,43.031399],[15.763927,43.022854],[15.750255,43.017076],[15.738129,43.014594],[15.725678,43.01614],[15.721365,43.018134],[15.725678,43.025173],[15.732839,43.027493],[15.737315,43.028917],[15.74407,43.031073],[15.750011,43.03323],[15.754568,43.033026]],[[6.489431,43.053087],[6.501557,43.055894],[6.506602,43.051622],[6.505789,43.046169],[6.490164,43.044298],[6.4817,43.038316],[6.466482,43.019355],[6.448253,43.014675],[6.439464,43.008857],[6.432953,43.00967],[6.431814,43.019477],[6.434662,43.027208],[6.455333,43.032782],[6.463227,43.043931],[6.472667,43.050686],[6.489431,43.053087]],[[9.908132,43.446601],[9.91269,43.444525],[9.915701,43.442939],[9.915375,43.43537],[9.908458,43.426907],[9.894216,43.432522],[9.897634,43.443427],[9.903005,43.444159],[9.908132,43.446601]],[[7.044295,43.52375],[7.048963,43.524107],[7.064776,43.519104],[7.073078,43.515795],[7.068979,43.514618],[7.057848,43.515865],[7.048862,43.515122],[7.036685,43.51646],[7.032387,43.522494],[7.03972,43.521844],[7.044295,43.52375]],[[15.858165,43.692857],[15.861908,43.689358],[15.866384,43.680854],[15.868744,43.670559],[15.868419,43.662584],[15.863373,43.662665],[15.854747,43.672227],[15.82602,43.692247],[15.824067,43.700019],[15.831716,43.702379],[15.836681,43.706488],[15.841645,43.707302],[15.858165,43.692857]],[[15.720551,43.679714],[15.719249,43.677395],[15.719819,43.672797],[15.696951,43.681423],[15.694672,43.685452],[15.698578,43.687974],[15.703868,43.688218],[15.703787,43.689073],[15.683116,43.699693],[15.680105,43.70482],[15.678477,43.710354],[15.673269,43.713853],[15.67449,43.717068],[15.68214,43.717393],[15.68922,43.715725],[15.69158,43.713528],[15.692638,43.709866],[15.707367,43.69949],[15.713552,43.691962],[15.726329,43.690009],[15.722016,43.681383],[15.720551,43.679714]],[[15.660167,43.775743],[15.664399,43.771145],[15.666026,43.766466],[15.659841,43.763943],[15.631114,43.77143],[15.608897,43.793809],[15.604828,43.793362],[15.59962,43.794135],[15.580903,43.808743],[15.567638,43.827663],[15.567475,43.832017],[15.571381,43.833279],[15.575694,43.831122],[15.5796,43.827623],[15.581879,43.824571],[15.586274,43.822943],[15.590099,43.824612],[15.590343,43.828274],[15.591319,43.831448],[15.594737,43.831448],[15.598806,43.828152],[15.602794,43.826321],[15.604828,43.824205],[15.60613,43.816759],[15.610037,43.809109],[15.621511,43.803778],[15.62794,43.798204],[15.631847,43.796902],[15.635753,43.798448],[15.640961,43.797838],[15.650076,43.78913],[15.649913,43.786119],[15.648611,43.782904],[15.660167,43.775743]],[[15.147227,44.025621],[15.158295,44.003323],[15.159434,43.998928],[15.077566,44.053087],[15.07309,44.061184],[15.073741,44.069159],[15.07073,44.075792],[15.072927,44.080756],[15.083507,44.077501],[15.100108,44.068508],[15.107514,44.060248],[15.10849,44.054023],[15.1421,44.027533],[15.147227,44.025621]],[[15.076345,44.29442],[15.073741,44.288967],[15.069347,44.285875],[15.058116,44.285631],[15.043468,44.289659],[15.030447,44.298122],[15.025483,44.31509],[15.030935,44.326728],[15.045502,44.32567],[15.049653,44.322455],[15.056651,44.320909],[15.065603,44.320787],[15.071869,44.318468],[15.078298,44.312934],[15.086111,44.308783],[15.097341,44.309719],[15.111827,44.302843],[15.119802,44.29621],[15.121349,44.295437],[15.127371,44.292507],[15.133962,44.291449],[15.137218,44.288316],[15.134451,44.285875],[15.125173,44.282782],[15.116873,44.281684],[15.115245,44.286038],[15.110606,44.29149],[15.08782,44.298936],[15.081309,44.297756],[15.076345,44.29442]],[[14.72226,44.363511],[14.723074,44.351711],[14.713715,44.351264],[14.70102,44.357204],[14.697195,44.357571],[14.692963,44.359849],[14.690196,44.367825],[14.689464,44.37462],[14.679861,44.388699],[14.667572,44.392198],[14.661469,44.399807],[14.66505,44.407497],[14.672293,44.412258],[14.687104,44.409125],[14.701671,44.401597],[14.704356,44.396267],[14.701996,44.392157],[14.700857,44.387152],[14.702078,44.377956],[14.707205,44.372626],[14.716319,44.36815],[14.72226,44.363511]],[[14.9463,44.419135],[14.95517,44.413357],[14.962576,44.404364],[14.960867,44.400092],[14.957042,44.403713],[14.954112,44.407782],[14.946137,44.40762],[14.93336,44.410712],[14.892914,44.44184],[14.886892,44.451402],[14.888357,44.456244],[14.9463,44.419135]],[[14.315522,44.508246],[14.316173,44.510118],[14.320811,44.509182],[14.308767,44.505072],[14.304373,44.498277],[14.298676,44.496405],[14.289317,44.505764],[14.2824,44.522284],[14.290538,44.521918],[14.302013,44.518175],[14.307872,44.510891],[14.311209,44.509467],[14.315522,44.508246]],[[13.773855,44.915269],[13.778331,44.910793],[13.779552,44.905015],[13.77768,44.902493],[13.765066,44.901842],[13.761078,44.90351],[13.7588,44.900662],[13.758067,44.89407],[13.756114,44.889919],[13.752045,44.88699],[13.747325,44.8876],[13.746186,44.89175],[13.747,44.895982],[13.745372,44.900946],[13.747,44.904486],[13.750743,44.907701],[13.750092,44.913153],[13.744721,44.917711],[13.73699,44.919989],[13.735444,44.923936],[13.740977,44.925767],[13.747895,44.925116],[13.758393,44.920396],[13.761648,44.920681],[13.773855,44.915269]],[[14.831391,44.898301],[14.835785,44.886827],[14.830089,44.886868],[14.778575,44.908474],[14.767996,44.917792],[14.767914,44.928534],[14.773285,44.933661],[14.780121,44.932766],[14.807058,44.920478],[14.828787,44.903388],[14.831391,44.898301]],[[14.545828,44.968044],[14.547537,44.960883],[14.542979,44.95543],[14.53476,44.955675],[14.5171,44.962592],[14.512706,44.966417],[14.490326,44.977729],[14.485769,44.983629],[14.52768,44.985989],[14.545828,44.968044]],[[12.402599,45.464586],[12.414073,45.47309],[12.418386,45.468736],[12.408783,45.45661],[12.396088,45.449408],[12.385346,45.445705],[12.375173,45.453803],[12.389822,45.457668],[12.397309,45.460028],[12.402599,45.464586]],[[-1.829905,48.874701],[-1.827097,48.873236],[-1.8249,48.866685],[-1.82665,48.869371],[-1.829864,48.868883],[-1.834503,48.869167],[-1.83731,48.873236],[-1.836497,48.878811],[-1.834503,48.877468],[-1.829905,48.874701]],[[-2.453684,49.481879],[-2.447825,49.483954],[-2.445221,49.474595],[-2.453359,49.462144],[-2.454498,49.466132],[-2.455068,49.475043],[-2.453684,49.481879]],[[-6.349477,49.896226],[-6.344309,49.893704],[-6.34085,49.889553],[-6.342681,49.883938],[-6.347239,49.883409],[-6.355377,49.888902],[-6.354888,49.894029],[-6.349477,49.896226]],[[-6.353464,49.957506],[-6.35322,49.949774],[-6.358062,49.943834],[-6.362864,49.943549],[-6.363515,49.945502],[-6.36384,49.94835],[-6.365712,49.951117],[-6.365061,49.955105],[-6.362864,49.959906],[-6.358551,49.961086],[-6.353464,49.957506]],[[-6.281524,49.964586],[-6.277659,49.964423],[-6.271799,49.965562],[-6.268219,49.962958],[-6.277415,49.956936],[-6.289215,49.956895],[-6.304026,49.964586],[-6.307118,49.967678],[-6.300201,49.971991],[-6.296824,49.972439],[-6.292144,49.968044],[-6.286366,49.964667],[-6.281524,49.964586]],[[-4.300045,35.172724],[-4.298701,35.172612],[-4.2969,35.172249],[-4.29773,35.171537],[-4.299392,35.171656],[-4.300935,35.172071],[-4.301885,35.172664],[-4.301054,35.172902],[-4.300045,35.172724]],[[-3.902962,35.21531],[-3.902329,35.215905],[-3.901957,35.215464],[-3.902533,35.214787],[-3.903132,35.215039],[-3.902962,35.21531]],[[-3.900732,35.217827],[-3.899953,35.217861],[-3.899818,35.217285],[-3.900495,35.217353],[-3.901003,35.217217],[-3.901308,35.217319],[-3.901274,35.217624],[-3.900732,35.217827]],[[-2.434243,35.18523],[-2.429394,35.186038],[-2.426502,35.182114],[-2.431414,35.178766],[-2.435859,35.18119],[-2.434243,35.18523]],[[-2.44093,35.181015],[-2.43884,35.179075],[-2.44078,35.176089],[-2.446303,35.176985],[-2.445109,35.179821],[-2.44093,35.181015]],[[-2.425009,35.179427],[-2.421875,35.183009],[-2.418143,35.179725],[-2.421427,35.175994],[-2.425009,35.179427]],[[-5.418774,35.915597],[-5.41597,35.913531],[-5.417888,35.910874],[-5.42025,35.911612],[-5.42084,35.914269],[-5.418774,35.915597]],[[-3.03877,35.945548],[-3.036411,35.944368],[-3.037927,35.942515],[-3.03978,35.943863],[-3.03877,35.945548]]]}}]}